date,mkt,smb,hml,mom
05-Jul-1963,0.0113355096637457,-0.00220242355520004,-0.0043092715880984,0.00697953852248681
12-Jul-1963,-0.00652121699026546,0.00399202126953746,-0.00491204436102064,-0.00142366517290511
19-Jul-1963,-0.0179603253769929,9.99950003332973e-05,0.00269636154774253,-0.00280489540780206
26-Jul-1963,0.000699755114273265,-0.0043092715880984,-0.00190180728959633,0.00337915753546404
02-Aug-1963,0.0102473164515495,-0.00702461493696447,9.99950003332973e-05,0.00798401939500804
09-Aug-1963,0.0170537545658276,-0.0087380659432853,0.00259662584726591,0.00859208028100049
16-Aug-1963,0.0138042809763971,-0.00451015547788602,0.010742096531902,0.00169085200046067
23-Aug-1963,0.00508703904855721,0.00598207167754747,-0.00270365157431482,-0.00191324894692722
30-Aug-1963,0.011137744410456,0.00139902091370741,0.00468898948613147,-0.00311981240327183
06-Sep-1963,0.00409161790325356,-0.000100005000333347,0.000999500333083423,-0.00260475610185377
13-Sep-1963,0.00329456694943011,-0.00180162194662821,0.00339423306801562,0.00409447344744697
20-Sep-1963,9.99950003332973e-05,-0.0043092715880984,0.00269636154774253,0.00747958321925352
27-Sep-1963,-0.017349638335113,0.00119928057548219,-0.00732677538646086,-0.00661877325703953
04-Oct-1963,0.00806737107775879,-0.00420884477405468,0.0124225199985571,0.00177475042377377
11-Oct-1963,-0.00772979806194127,0.0081665626663934,0.00399202126953746,-0.00461420414770216
18-Oct-1963,0.0132123314721349,-0.00200200267067308,-0.000100005000333347,0.0130640537190974
25-Oct-1963,0.00707491367196198,-0.000700245114393426,-0.0124775215111126,0.0100614187394336
01-Nov-1963,-0.00390762483101708,-0.00290421314738983,-0.00130084573304807,0.00507537341887363
08-Nov-1963,-0.00340579313483282,0,0.00697561373642514,-0.00652995264022576
15-Nov-1963,-0.0127813343647332,0.0112366319259878,-0.00240288461631031,-0.00622714029045314
22-Nov-1963,-0.0408219945202552,-0.0164343064634248,-0.0014009809156281,-0.0295123869502086
29-Nov-1963,0.0501226094032105,-0.00813298323018899,0.0133110140596724,0.0264146466967228
06-Dec-1963,0.00965325702813835,-0.00813298323018899,-0.000900405243164155,0.0104590211803363
13-Dec-1963,-0.000600180072032461,-0.0043092715880984,0.00169855663558151,0.00699105669331802
20-Dec-1963,-0.000300045009001992,-0.0157229604652362,0.00279608730200119,-0.00201461761637597
27-Dec-1963,0.00239712459972145,0.00767050630421974,-0.00280392733273426,-0.00741189513803788
03-Jan-1964,0.0140015196358136,0.0081665626663934,0.00677698427902367,-0.000820802612186139
10-Jan-1964,0.00856323066048781,0.00229735904868346,0.0017983819413794,-0.00251303573246332
17-Jan-1964,0.00169855663558151,-0.00100050033358353,0.0061808590750811,0.0126738714392397
24-Jan-1964,0.00637960696403899,-0.00390762483101708,0.00279608730200119,0.00638377920191495
31-Jan-1964,-0.00290421314738983,-0.00722604509173958,-0.00400802139753882,0.00119132654125994
07-Feb-1964,0.00389241471534385,-0.00120072057651888,0.000299955008997942,-0.00452903809215383
14-Feb-1964,0.00538547227633789,0.00359353551013022,-0.000100005000333347,0.00339128939105089
20-Feb-1964,0.00239712459972145,-0.00240288461631031,0.0154795708483864,0.00249767726573545
28-Feb-1964,0.00359353551013022,0.00119928057548219,0.0119285708652738,-0.000606918956920003
06-Mar-1964,0.00588266315815551,0.00149887612373595,0.00189819728308027,-0.00470682426120956
13-Mar-1964,0.0094551587707552,-0.00652121699026546,0.0113355096637457,0.00708966176056369
20-Mar-1964,-0.00190180728959633,0.00279608730200119,0.00647896609770907,-0.0024059378029062
26-Mar-1964,0.00319489089651929,0.00796816964917688,0.0149871298082482,0.00289692809139219
03-Apr-1964,0.00826574441703259,0.00409161790325356,0.00289580311202547,-0.0041145003078741
10-Apr-1964,-0.000800320170769155,0.0108410231778748,-0.000500125041682243,0.00329623745089096
17-Apr-1964,0.00677698427902367,-0.00914165791728339,-0.00702461493696447,-0.00670979274094492
24-Apr-1964,-0.0106565801885289,-0.0089398415694743,-0.00491204436102064,-0.008417303816129
01-May-1964,0.0021975835434872,-0.00934351500315247,0.00548493023056975,0.00815725137243831
08-May-1964,0.0108410231778748,-0.00853633102228634,0.0140015196358136,0.0111842737921585
15-May-1964,0.000699755114273265,0.000299955008997942,-0.00200200267067308,0.00359010232671956
22-May-1964,-0.00230264906267556,0.00269636154774253,-0.000500125041682243,0.00208912570355212
28-May-1964,-0.00300450902029872,-0.00200200267067308,0.00468898948613147,0.000797488978163362
05-Jun-1964,-0.0174513936137559,-0.00380723834295407,-0.000200020002667045,-0.0111278100541
12-Jun-1964,0.00528600442923744,0.000799680170564244,-0.00170144663975757,0.00648196948208339
19-Jun-1964,0.0157749191153622,-0.00180162194662821,0.00727348396649847,0.00559300970553313
26-Jun-1964,0.0066776547532405,0.00209779808214612,0.00478851673179709,0.00098228336201267
02-Jul-1964,0.0119285708652738,-0.00310481495347876,0.00159872136369707,0.00269538960729145
10-Jul-1964,0.00886062843219647,0.000599820071967549,0.00389241471534385,-0.000606025417561735
17-Jul-1964,0.00757126549631813,-0.000500125041682243,-0.00310481495347876,-0.00130649994964883
24-Jul-1964,-0.00541463270149884,0.00528600442923744,0.000699755114273265,-0.00260410453257633
31-Jul-1964,-0.00400802139753882,-0.00130084573304807,0.00429078141715625,-0.000702555446725895
07-Aug-1964,-0.0153167041118933,-0.00350613932928759,-0.000200020002667045,-0.00733373386683224
14-Aug-1964,0.00677698427902367,0.00568381646829771,0.000999500333083423,0.00718704200951928
21-Aug-1964,-0.00330545700872648,-0.00160128136697388,-0.0014009809156281,-0.00380845982901234
28-Aug-1964,-0.000800320170769155,-0.00190180728959633,0.000599820071967549,0.0036855639324777
04-Sep-1964,0.00915793778476572,0.000899595242835994,0.004489905272852,-0.00590992196569793
11-Sep-1964,0.00697561373642514,-0.00591747376403762,0.00856323066048781,0.000296555161475101
18-Sep-1964,0.000299955008997942,-0.000400080021339691,0.00508703904855721,-0.00160780817394954
25-Sep-1964,0.00727348396649847,0.0017983819413794,-0.00250313021811848,0.00399290753270214
02-Oct-1964,0.00119928057548219,-0.000500125041682243,0.000299955008997942,-0.00621329584452364
09-Oct-1964,0.00826574441703259,-0.00451015547788602,0.0089597413714718,0.0080886053771309
16-Oct-1964,-0.00370686193132651,0.00279608730200119,0.00319489089651929,-0.00620958652327404
23-Oct-1964,0.00349388925425584,0.00279608730200119,0.00518652668730015,0.00419157375652556
30-Oct-1964,-0.00340579313483282,0.00578324475572736,-0.00793137032628028,-0.00100688240342638
06-Nov-1964,0.00568381646829771,-0.00491204436102064,-0.00732677538646086,0.00698877567421599
13-Nov-1964,0.000999500333083423,0.00508703904855721,-0.00160128136697388,0.000492698513029708
20-Nov-1964,0.0120273802127185,-0.00340579313483282,-0.00863719339566359,0.00459383480582404
27-Nov-1964,-0.0102523764643514,0.00717420374800045,-0.00160128136697388,-0.000603330422773878
04-Dec-1964,-0.0103534120794916,0,-0.00390762483101708,-0.0104276098796419
11-Dec-1964,-0.0087380659432853,-0.00300450902029872,-0.00591747376403762,0.00109381465879622
18-Dec-1964,0.0061808590750811,0.00199800266267306,-0.00551518068811011,0.00218672578923726
24-Dec-1964,-0.0021022080918702,0.00269636154774253,-0.00541463270149884,-0.000205144544841808
31-Dec-1964,0.00608147031586795,-0.00230264906267556,-0.00561573878563575,-0.00210248720163649
08-Jan-1965,0.0094551587707552,0.0153811020383024,0.00229735904868346,-0.0220076907395719
15-Jan-1965,0.0103462920541443,0.00319489089651929,0.00339423306801562,0.00159570265080658
22-Jan-1965,0.00568381646829771,-0.00160128136697388,0.000399920021326891,0.00129150457006896
29-Jan-1965,0.00925702126267685,0.00866237307865259,-0.00491204436102064,0.0082906594398129
05-Feb-1965,-0.000200020002667045,0.0114343776256632,-0.00571630699610919,-0.00250321867036835
12-Feb-1965,-0.0118701725704874,0.00697561373642514,0.00209779808214612,0.00177643940744346
19-Feb-1965,0.00249688019858715,0.015085637418041,0.00269636154774253,0.00459683321149382
26-Feb-1965,0.0141001243787816,-0.000300045009001992,0.00189819728308027,-0.000604384053064883
05-Mar-1965,-0.00521356705288743,0.0112366319259878,-0.00390762483101708,-0.00581319059542102
12-Mar-1965,0.00439034830129285,0.00189819728308027,0.00209779808214612,0.00329043216928034
19-Mar-1965,-0.00491204436102064,0.00299550897979837,0.00239712459972145,-0.00320349314257661
26-Mar-1965,-0.00793137032628028,0.00149887612373595,0.0081665626663934,-0.00360970064429188
02-Apr-1965,0.00359353551013022,0.0021975835434872,0.00169855663558151,0.00678722589526202
09-Apr-1965,0.0110388471152164,0.00458945233380722,-0.00120072057651888,0.00588824991993587
15-Apr-1965,0.00657831536012251,0.00538547227633789,0.00149887612373595,0.00729013303381879
23-Apr-1965,0.00677698427902367,0.00209779808214612,-0.00491204436102064,0.00658133020277347
30-Apr-1965,0.0017983819413794,-0.00250313021811848,0.0104452578615386,0.00129944528215324
07-May-1965,0.00747201483870106,-0.0103534120794916,-0.00280392733273426,0.00749135856394734
14-May-1965,0.00319489089651929,0.0094551587707552,-0.0105555139395166,0.00309633778852053
21-May-1965,-0.0140989243795016,0.00458945233380722,0.00229735904868346,-0.00360533817823162
28-May-1965,-0.00451015547788602,-0.00420884477405468,-0.00471107973011922,0.00166807197121413
04-Jun-1965,-0.0155198116580368,-0.00230264906267556,-0.00471107973011922,-0.0107224579657032
11-Jun-1965,-0.0249076357061848,-0.0147076288722743,0.00826574441703259,-0.014250420867409
18-Jun-1965,0.00119928057548219,-0.00310481495347876,0.00119928057548219,-0.000339535324367323
25-Jun-1965,-0.0286052570103344,-0.0132878943269354,-0.000100005000333347,-0.0135812462261621
02-Jul-1965,0.0233258253034968,-0.00772979806194127,0.000599820071967549,0.0100078226423559
09-Jul-1965,0.00657831536012251,0.00508703904855721,-0.00170144663975757,0.0153422096828627
16-Jul-1965,0.000199980002666245,0.00498754151103897,0,0.00748608745805307
23-Jul-1965,-0.0189789665978029,-0.00280392733273426,0.00657831536012251,0.000467545203116899
30-Jul-1965,0.0133110140596724,-0.00461061255768329,0.0162669724638719,0.00858579996521167
06-Aug-1965,0.0108410231778748,0.00697561373642514,-0.00742751582879658,0.00649289781925403
13-Aug-1965,0.00935609492402503,0.0097522914426783,-0.000200020002667045,0.00559431686849022
20-Aug-1965,-0.000300045009001992,-0.0014009809156281,0.00299550897979837,-0.0010035042619008
27-Aug-1965,0.00677698427902367,0.00647896609770907,-0.00330545700872648,0.0131457325677165
03-Sep-1965,0.0104452578615386,0.00677698427902367,-0.00160128136697388,-4.94951912716538e-06
10-Sep-1965,0.0104452578615386,0.00349388925425584,-0.00853633102228634,0.00669282646262157
17-Sep-1965,0.0081665626663934,-0.00541463270149884,0.00458945233380722,0.00777956136158861
24-Sep-1965,0.000799680170564244,0.00149887612373595,0.00747201483870106,0.0163527273517696
01-Oct-1965,-0.00270365157431482,0.00588266315815551,-0.00390762483101708,0.00384590276718105
08-Oct-1965,0.0114343776256632,0.0132123314721349,0.00458945233380722,0.0124774779988662
15-Oct-1965,0.00588266315815551,0.0121261797978406,0.00588266315815551,0.0091795088939625
22-Oct-1965,0.00458945233380722,0.00468898948613147,-0.00521356705288743,0.00497838002585186
29-Oct-1965,0.00399202126953746,-0.00793137032628028,0.00836491633162767,0.00335355517571631
05-Nov-1965,0.00279608730200119,0.00518652668730015,-0.00511304938682301,0.00468815484674367
12-Nov-1965,0.000799680170564244,0.0105442138756711,-0.00320513094894834,0.0150705378121203
19-Nov-1965,-0.00180162194662821,0.0118297517535772,0.000199980002666245,0.0153617783364739
26-Nov-1965,0.000699755114273265,0.0121261797978406,0.00518652668730015,0.0112802243012552
03-Dec-1965,-0.00511304938682301,0.0132123314721349,0.00687630393943206,0.00706988416379922
10-Dec-1965,0.00647896609770907,0.0133110140596724,-0.00370686193132651,0.00462333557581197
17-Dec-1965,0.00528600442923744,0.00429078141715625,0.023618865598634,0.02182771799093
23-Dec-1965,-0.00220242355520004,-0.0123762710680554,0.00439034830129285,-0.0277071112168966
31-Dec-1965,0.00199800266267306,0.00727348396649847,-0.00521356705288743,0.00189125727866201
07-Jan-1966,0.00727348396649847,0.00339423306801562,0.0165620882989782,-0.00590637430827538
14-Jan-1966,0.00468898948613147,0.0140015196358136,0.00139902091370741,0.0292005961105736
21-Jan-1966,9.99950003332973e-05,0.00747201483870106,0.00349388925425584,0.00329310417468309
28-Jan-1966,-0.000600180072032461,0.0114343776256632,0.0124225199985571,0.0297998601010121
04-Feb-1966,-0.00100050033358353,-0.00471107973011922,-0.000900405243164155,-0.00610906211583299
11-Feb-1966,0.00727348396649847,0.0146915487429897,0.00478851673179709,0.0221076222261177
18-Feb-1966,-0.0123762710680554,0.0144944461504525,0.0017983819413794,0.0161331501186191
25-Feb-1966,-0.01197137178122,0.0117309228756987,-0.00170144663975757,0.000749755031321734
04-Mar-1966,-0.0207130415975416,0.015085637418041,-0.00672254576082681,-0.00324239318669405
11-Mar-1966,-0.00481155699722208,-0.00370686193132651,-0.00571630699610919,-0.0107652187342824
18-Mar-1966,-0.00561573878563575,-0.0132878943269354,0.000899595242835994,-0.00142688797632268
25-Mar-1966,0.0126200313561022,0.0176434351725953,-0.00843547882110158,0.0387815233624537
01-Apr-1966,0.0017983819413794,0.000999500333083423,-0.00150112612626709,0.0133852803390104
07-Apr-1966,0.0200967016991224,0.00757126549631813,0.00846407841212936,0.0266898096984791
15-Apr-1966,0.00299550897979837,0.0173486383346131,-0.00461061255768329,0.0258917612646878
22-Apr-1966,0.00239712459972145,0.00349388925425584,0.0061808590750811,-0.00284817578349039
29-Apr-1966,-0.0121738009317088,0.00637960696403899,-0.0154182527283806,0.00576942562644625
06-May-1966,-0.0382212128201977,-0.0327298246229189,0.00329456694943011,-0.0526582569435577
13-May-1966,-0.028193734370782,-0.016739324004298,-0.0131865618041756,-0.0344699217560213
20-May-1966,-0.00200200267067308,-0.0121738009317088,-0.00652121699026546,0.0134951402731432
27-May-1966,0.0234235149435881,0.0127187724077746,9.99950003332973e-05,0.0411577821136926
03-Jun-1966,-0.0132878943269354,0.00169855663558151,9.99950003332973e-05,-0.00483899037105362
10-Jun-1966,0.00498754151103897,0.00399202126953746,0.00657831536012251,0.0247749515420812
17-Jun-1966,0.00199800266267306,0.0163653540862642,-0.00652121699026546,0.0220320147064232
24-Jun-1966,0.000799680170564244,0.000299955008997942,0.00767050630421974,-0.000298706615539853
01-Jul-1966,-0.0131865618041756,-0.00823380492710354,0.00558437829390066,-0.0214940429812548
08-Jul-1966,0.0199986865066891,-0.001100605444033,-0.00410842804454319,0.00372408691179107
15-Jul-1966,-0.00451015547788602,0.00578324475572736,0.000399920021326891,0.0069677138959896
22-Jul-1966,-0.019080887812792,-0.000800320170769155,0.0089597413714718,-0.00694928971172056
29-Jul-1966,-0.0228592941460826,-0.0110609473594249,0.00697561373642514,-0.0234951872297494
05-Aug-1966,0.00508703904855721,-0.00631992874481935,-0.00310481495347876,0.00168266828883438
12-Aug-1966,-0.00642056780292269,0.0061808590750811,-0.0131865618041756,0.0223039871509774
19-Aug-1966,-0.0441608957857698,-0.00601807232556302,0.00478851673179709,-0.020481067238959
26-Aug-1966,-0.0435340020237284,-0.0108587433348759,0.0146915487429897,-0.0330663238944793
02-Sep-1966,0.00915793778476572,-0.0207130415975416,0.00359353551013022,-0.0121020982499343
09-Sep-1966,-0.0152151658064804,-0.00290421314738983,0.00349388925425584,-0.000628063333193351
16-Sep-1966,0.0454512629039174,-0.00451015547788602,-0.0192847614118671,0.0144555298103004
23-Sep-1966,-0.0296348051296907,0.00498754151103897,0.0119285708652738,-0.00555540663019923
30-Sep-1966,-0.0149106127357542,-0.00551518068811011,0.00508703904855721,0.0016067084493441
07-Oct-1966,-0.0499258087697257,-0.0366639843715915,0.0281986543586787,-0.0499885015397742
14-Oct-1966,0.0443995872966845,-0.00702461493696447,-0.0115666363714654,0.0250335096647265
21-Oct-1966,0.019508466388043,-0.0113643300790498,-0.00772979806194127,0.000954014876016868
28-Oct-1966,0.0241070753432331,-0.0116678048676821,0.016463726030665,-0.00971774634512569
04-Nov-1966,0.00995033085316809,0.0061808590750811,-0.0156213809029568,0.0115648964911917
11-Nov-1966,0.0147900854726353,0.0132123314721349,-0.0144032303107437,-0.00190903383240935
18-Nov-1966,-0.00541463270149884,0.0144944461504525,-0.00190180728959633,0.00238887821899009
25-Nov-1966,-0.00360649559411174,0.00379279823869626,-0.00652121699026546,0.00757014861206213
02-Dec-1966,-0.00621929981391683,0.0105442138756711,-0.0103534120794916,0.0156443852105832
09-Dec-1966,0.0234235149435881,-0.00120072057651888,-0.0156213809029568,-0.00174517512063591
16-Dec-1966,-0.00350613932928759,0.0153811020383024,-0.00410842804454319,-0.00541939682726987
23-Dec-1966,-0.000200020002667045,0.00399202126953746,0.0116320842297077,-0.0016242070621934
30-Dec-1966,-0.0152151658064804,-0.00410842804454319,9.99950003332973e-05,0.0165517307989517
06-Jan-1967,0.0222506089348197,0.0204886664273156,0.0143958802837323,-0.0525228016654332
13-Jan-1967,0.0287818014254519,0.0124225199985571,0.0129162252665462,-0.00323414142927644
20-Jan-1967,0.0185273046138836,0.0135083500247923,0.0021975835434872,-0.0140299046927606
27-Jan-1967,0.00339423306801562,0.020390689647734,-0.0127813343647332,0.00457160413428947
03-Feb-1967,0.013705647056112,0.0199986865066891,0.00628023795715046,-0.00280849593738843
10-Feb-1967,0.00409161790325356,0.0066776547532405,-0.00762902716449116,-0.000101803882104934
17-Feb-1967,0.00518652668730015,0.00697561373642514,-0.00380723834295407,0.00828536034306991
24-Feb-1967,-0.00300450902029872,0.0081665626663934,-0.00581688532156485,0.0123750520793256
03-Mar-1967,0.00915793778476572,0.00139902091370741,-0.0122750308756126,0.0125644347259169
10-Mar-1967,0.00836491633162767,0.0097522914426783,0.00757126549631813,0.00478401628323893
17-Mar-1967,0.0131136391453832,-0.00471107973011922,-0.00270365157431482,-0.0112156220325076
23-Mar-1967,0.00637960696403899,0.000699755114273265,-0.000400080021339691,0.00478692653570811
31-Mar-1967,-0.00581688532156485,0.00707491367196198,0.00498754151103897,0.0120658862827749
07-Apr-1967,-0.00914165791728339,-0.00100050033358353,0.00578324475572736,-0.00112425803605161
14-Apr-1967,0.0100493358530014,-0.00290421314738983,-0.00833463679005763,0.0102660436306865
21-Apr-1967,0.0204886664273156,0.00508703904855721,-0.00783057911518856,-0.00612889869893557
28-Apr-1967,0.0165620882989782,0.00249688019858715,-0.0127813343647332,-0.000111911004161819
05-May-1967,0.00637960696403899,0.0129162252665462,-0.00170144663975757,0.00367051839984194
12-May-1967,-0.0069239150728242,0.00628023795715046,0.00518652668730015,0.00144838129469362
19-May-1967,-0.0113643300790498,0.0126200313561022,0.00339423306801562,0.00785705601051937
26-May-1967,-0.010959840236342,-0.00330545700872648,0.000299955008997942,0.00276572743438042
02-Jun-1967,-0.0139975096438537,-0.00280392733273426,-0.00190180728959633,-0.00557831171612587
09-Jun-1967,0.0201947072855193,0.00548493023056975,-0.000900405243164155,0.0235343878261424
16-Jun-1967,0.0126200313561022,0.0158733491562902,-0.00160128136697388,0.0202542330872198
23-Jun-1967,-0.00380723834295407,0.0174469136037207,0.000799680170564244,0.0113761698025867
30-Jun-1967,-0.0128826258310137,0.0134096869099177,0.0109399400383343,-1.77500698808407e-05
07-Jul-1967,0.0127187724077746,0.0151841353250401,-0.00601807232556302,0.0073865464940969
14-Jul-1967,0.0128175037106143,0.00836491633162767,0.0094551587707552,-0.00110799307313444
21-Jul-1967,0.0104452578615386,-0.00914165791728339,0.0216636396360264,-0.0233642645864049
28-Jul-1967,0.00578324475572736,0.0117309228756987,0.00109939544330106,0.009858552097239
04-Aug-1967,0.0131136391453832,-0.000300045009001992,0.00159872136369707,-0.0080251688001776
11-Aug-1967,-0.00722604509173958,-0.000100005000333347,0.00925702126267685,-0.013932066144832
18-Aug-1967,-0.00350613932928759,0.00159872136369707,0.00159872136369707,-0.00461850356680029
25-Aug-1967,-0.0211214966221114,0.00129915573162013,0.000899595242835994,-0.0105284580303266
01-Sep-1967,0.0135083500247923,0.00915793778476572,-0.000200020002667045,0.0262233256241363
08-Sep-1967,0.00637960696403899,0.00697561373642514,-0.00481155699722208,0.00569318429802221
15-Sep-1967,0.0181345701954827,-0.001100605444033,-0.000400080021339691,-0.00503464857643445
22-Sep-1967,0.00707491367196198,0.0104452578615386,-0.00652121699026546,0.0195042958998697
29-Sep-1967,-0.00270365157431482,0.00965325702813835,-0.0124775215111126,0.00467048785428785
06-Oct-1967,0.00558437829390066,0.0133110140596724,-0.0145046862028817,0.0107618441530426
13-Oct-1967,-0.0138961051921114,0.00309520490730252,0.00369317183761761,-0.0101357659028628
20-Oct-1967,-0.00803217169726427,-0.000800320170769155,-0.010959840236342,0.013662285883562
27-Oct-1967,-0.00471107973011922,-0.000500125041682243,-0.0137947110221893,0.0119139915884229
03-Nov-1967,-0.0327298246229189,0.00538547227633789,-0.00350613932928759,-0.00974727599643586
10-Nov-1967,0.00279608730200119,-0.00260338587011493,-0.000400080021339691,-0.00132103036595436
17-Nov-1967,0.0066776547532405,-0.0112631922787107,-0.0021022080918702,0.00385106217339685
24-Nov-1967,0.0114343776256632,0.00319489089651929,-0.0123762710680554,0.0127321590857555
01-Dec-1967,0.00995033085316809,0.0119285708652738,0.000399920021326891,0.0202275286078588
08-Dec-1967,0.00925702126267685,0.0098513160503742,-0.00300450902029872,0.0214966015455731
15-Dec-1967,-0.00160128136697388,0.0192142189238044,-0.00360649559411174,0.00194197706012761
22-Dec-1967,0.00309520490730252,0.0124225199985571,0.000799680170564244,-0.0049441140784338
29-Dec-1967,0.0139029051689914,0.00598207167754747,0.00339423306801562,-0.000610561420995635
05-Jan-1968,-0.00511304938682301,0.0061808590750811,0.0314017631395316,-0.0448876465443428
12-Jan-1968,0.0113355096637457,0.019508466388043,0.00249688019858715,0.00721887104386846
19-Jan-1968,-0.0117689835999989,0.023618865598634,0.000499875041650993,0.0155520870225559
26-Jan-1968,-0.0206109539041243,0.000599820071967549,0.000299955008997942,-0.000861924899384419
02-Feb-1968,-0.0161293819298836,-0.0156213809029568,0.0174469136037207,-0.0295195057782505
09-Feb-1968,-0.0287081641367437,-0.0209172482553883,0.00628023795715046,-0.0245632877336256
16-Feb-1968,0.000199980002666245,-0.000100005000333347,0.00109939544330106,0.00895231040820658
23-Feb-1968,0.00886062843219647,0.00628023795715046,-0.00803217169726427,0.00665906580078387
01-Mar-1968,-0.0226546905648062,-0.0157229604652362,0.00727348396649847,-0.0191900940343775
08-Mar-1968,-0.00471107973011922,-0.0120725812342692,0.00608147031586795,0.00141093812048918
15-Mar-1968,-0.000100005000333347,0.00129915573162013,-0.00461061255768329,0.0128829648108883
22-Mar-1968,-0.00883894866720439,-0.000300045009001992,0.00119928057548219,0.00485100727176225
29-Mar-1968,0.0199986865066891,0.00518652668730015,-0.0112631922787107,0.0155714856793052
05-Apr-1968,0.0334347760862374,9.99950003332973e-05,-0.00702461493696447,0.00466593569434357
11-Apr-1968,0.0335314832087923,0.00169855663558151,0.000199980002666245,0.00987229166957625
19-Apr-1968,-0.00280392733273426,0.0243998868235351,0.004489905272852,0.000281199967334035
26-Apr-1968,0.0173486383346131,0.0207825391825284,-0.0100503358535015,0.028984426276015
03-May-1968,0.0145930023029001,0.00518652668730015,0,0.0126755236530833
10-May-1968,0.00259662584726591,0.0155780299633185,0.00439034830129285,0.00229567704141226
17-May-1968,-0.0133892371190161,0.0134096869099177,0.00935609492402503,-0.00961324822352376
24-May-1968,0.00608147031586795,0.019018005835762,0.00349388925425584,0.0154594955688497
31-May-1968,0.0162669724638719,0.0121261797978406,-0.00601807232556302,0.022535272170914
07-Jun-1968,0.0288789595503768,0.00876150566857267,0.000299955008997942,0.0172224559684285
14-Jun-1968,-0.00270365157431482,-0.000500125041682243,-0.00170144663975757,-0.0174486971123339
21-Jun-1968,-0.00591747376403762,-0.00732677538646086,0.000899595242835994,-0.0204824377610159
28-Jun-1968,-0.0133892371190161,-0.00270365157431482,0.00677698427902367,-0.00111468878894516
03-Jul-1968,0.0139029051689914,0.00826574441703259,-0.00340579313483282,0.013838765265918
12-Jul-1968,0.013705647056112,0.00498754151103897,0.00608147031586795,0.00544294890951361
19-Jul-1968,-0.0201006717070029,0.000199980002666245,0.0204886664273156,-0.00627835127442394
26-Jul-1968,-0.0274739770007551,-0.0192847614118671,0.023618865598634,-0.0177897332100006
02-Aug-1968,-0.018775155326334,-0.00561573878563575,0.00598207167754747,-0.00113113060985106
09-Aug-1968,0.00608147031586795,0.00707491367196198,0.00229735904868346,0.0142596080115876
16-Aug-1968,0.0161685811615837,0.0089597413714718,-0.00180162194662821,0.0161542121429779
23-Aug-1968,0.000399920021326891,0.00846407841212936,0.00159872136369707,-0.00274760173168599
30-Aug-1968,0.00119928057548219,-0.00230264906267556,0.00757126549631813,-0.00460624338699897
06-Sep-1968,0.0208804775793551,-0.00170144663975757,-0.00330545700872648,-0.00520983092545905
13-Sep-1968,-0.00220242355520004,0.0127187724077746,0.00129915573162013,0.00458669034632643
20-Sep-1968,0.00876150566857267,0.00239712459972145,0.00429078141715625,-0.012934674515278
27-Sep-1968,0.00806737107775879,0.0102473164515495,-0.0021022080918702,0.00269829630975639
04-Oct-1968,0.0117309228756987,0.000699755114273265,0.0120273802127185,-0.00904551312908929
11-Oct-1968,-0.00511304938682301,0.000699755114273265,0.000999500333083423,-0.00811320270773843
18-Oct-1968,0.015085637418041,-0.00190180728959633,0.000899595242835994,-0.00752128368073525
25-Oct-1968,-0.00521356705288743,0.004489905272852,0.0115332358136731,0.00609094864402856
01-Nov-1968,-0.0122750308756126,-0.00823380492710354,0.00647896609770907,0.000696615795901821
08-Nov-1968,0.0097522914426783,-0.000500125041682243,-0.00631992874481935,-0.000917512957575646
15-Nov-1968,0.019508466388043,0.0117309228756987,-0.00662187630888697,0.00658761335499407
22-Nov-1968,0.00826574441703259,0.00737275432941316,0.00538547227633789,0.00428661748137265
29-Nov-1968,0.0189198848525108,0.00548493023056975,-0.00170144663975757,0.0052894235919504
06-Dec-1968,-0.00320513094894834,0.0125212805536717,-0.0043092715880984,0.00369059054728797
13-Dec-1968,-0.00160128136697388,0.0131136391453832,0.00478851673179709,0.00608255050383053
20-Dec-1968,-0.0113643300790498,0.00458945233380722,-0.0043092715880984,-0.00221374221823602
27-Dec-1968,-0.0146061523893621,0.00558437829390066,0.0066776547532405,-0.0131333160542295
03-Jan-1969,-0.00934351500315247,0.00119928057548219,-0.00300450902029872,-0.0141783437329565
10-Jan-1969,-0.0333499796815541,-0.0160277610771973,0.00826574441703259,-0.0068303204881481
17-Jan-1969,0.0104452578615386,0.00239712459972145,0.00199800266267306,0.0050625362631047
24-Jan-1969,0.00498754151103897,0.0132123314721349,-0.00170144663975757,0.0117798518297892
31-Jan-1969,0.00409161790325356,-0.00984833605481441,0.00876150566857267,0.00189338525753339
07-Feb-1969,0.00468898948613147,-0.00762902716449116,0.00568381646829771,-0.000403828417894632
14-Feb-1969,-0.000700245114393426,-0.000300045009001992,-0.00712532494258863,-0.00140543388785529
20-Feb-1969,-0.0429075010112765,-0.016942720730312,0.00935609492402503,-0.0153554536833403
28-Feb-1969,-0.0213257867147524,-0.0162310131104173,0.000899595242835994,-0.0020142904551597
07-Mar-1969,0.00109939544330106,-0.0125787822068601,0.00747201483870106,0.00277499524545196
14-Mar-1969,-0.00772979806194127,-0.00250313021811848,0.00349388925425584,0.0091795201569524
21-Mar-1969,0.0162669724638719,0.00836491633162767,-0.00863719339566359,0.0126748505236424
28-Mar-1969,0.0167587838149546,0.00409161790325356,-0.00662187630888697,0.0197493361011829
03-Apr-1969,-0.0099493308536681,-0.00220242355520004,0.0089597413714718,-0.00010289356436123
11-Apr-1969,0.00647896609770907,-0.00420884477405468,-0.000600180072032461,0.0112761525241724
18-Apr-1969,-0.00652121699026546,-0.0069239150728242,0.00528600442923744,-0.00431327622291569
25-Apr-1969,0.00349388925425584,-0.000900405243164155,-0.00250313021811848,-0.000613404625467644
02-May-1969,0.0238141780992549,0.00915793778476572,-0.0110609473594249,0.010583645546401
09-May-1969,0.011137744410456,-0.00270365157431482,-0.000900405243164155,0.00229291023953981
16-May-1969,0.00588266315815551,-0.00621929981391683,0.00109939544330106,0.00409545081047993
23-May-1969,-0.0114654781092781,0.00129915573162013,0.00508703904855721,0.00268976173422144
29-May-1969,-0.0105555139395166,0.00249688019858715,-0.000600180072032461,0.00468426876349472
06-Jun-1969,-0.0154182527283806,-0.00531409482376877,-0.00320513094894834,-0.00150344592551666
13-Jun-1969,-0.0391567152011939,-0.0123762710680554,0.000299955008997942,-0.00571916348821548
20-Jun-1969,-0.0276795691067424,-0.0269601815827831,0.00588266315815551,-0.0105191392079943
27-Jun-1969,0.00259662584726591,-0.0157229604652362,-0.0124775215111126,-0.00170237498730455
03-Jul-1969,0.0247901688072187,0.0114343776256632,-0.0185713855854353,0.00377266704383559
11-Jul-1969,-0.0421770788991862,-0.01197137178122,0.0153811020383024,0.00987239431618903
18-Jul-1969,-0.0101513510563754,-0.00652121699026546,0.00478851673179709,0.00737476485932647
25-Jul-1969,-0.0360417713472655,-0.0100503358535015,0.0116320842297077,0.0112740302848331
01-Aug-1969,0.0144944461504525,-0.0107576566529602,-0.00793137032628028,-0.00682971279264851
08-Aug-1969,0.00598207167754747,-0.00270365157431482,-0.00471107973011922,0.0127763563179333
15-Aug-1969,0.00159872136369707,-0.00240288461631031,-0.0149106127357542,0.0132735681353967
22-Aug-1969,0.0213700257361925,0.00717420374800045,-0.0142003494011414,-0.00511858534297802
29-Aug-1969,-0.00270365157431482,-0.000800320170769155,9.99950003332973e-05,-0.00683246704346768
05-Sep-1969,-0.023882940463332,-0.00280392733273426,0.00677698427902367,0.0102756227317774
12-Sep-1969,0.00637960696403899,-0.001100605444033,-0.00843547882110158,0.00338296077355636
19-Sep-1969,0.0105442138756711,0.0117309228756987,-0.0328331570952402,0.0057943383221728
26-Sep-1969,-0.0125787822068601,0.00309520490730252,0.00369317183761761,0.00498995728822487
03-Oct-1969,-0.00924258136693254,0.000799680170564244,-0.00631992874481935,0.00778384411533426
10-Oct-1969,0.00359353551013022,-0.000100005000333347,-0.0145046862028817,0.00298200077431036
17-Oct-1969,0.031498667059371,0.0228372339027571,-0.00662187630888697,-0.0289527040312139
24-Oct-1969,0.0202927032677624,0.0094551587707552,-0.00793137032628028,-0.00622858009702985
31-Oct-1969,-0.00823380492710354,0.00508703904855721,0.00259662584726591,-0.00172388814579738
07-Nov-1969,0.0125212805536717,-0.00571630699610919,-0.00863719339566359,0.00238932979776936
14-Nov-1969,-0.0150121201205036,-0.00581688532156485,0.00637960696403899,0.0120782678331072
21-Nov-1969,-0.0325231917055601,-0.016942720730312,0.0130149370774948,0.00849074931410081
28-Nov-1969,-0.00360649559411174,0.00269636154774253,-0.02408779552909,0.0116721350501793
05-Dec-1969,-0.0267547373088196,-0.0153167041118933,-0.00541463270149884,0.0342559276360864
12-Dec-1969,-0.0118701725704874,-0.010959840236342,-0.0151136378100482,0.025004549154481
19-Dec-1969,0.00538547227633789,-0.00742751582879658,-0.010959840236342,-0.0027204275149419
26-Dec-1969,0.00399202126953746,-0.00350613932928759,0.00468898948613147,-0.0113903757651778
02-Jan-1970,0.0133110140596724,0.0131136391453832,0.00538547227633789,-0.0183723401648631
09-Jan-1970,-0.00581688532156485,0.0149871298082482,0.00578324475572736,0.00103744919955222
16-Jan-1970,-0.018775155326334,-0.00581688532156485,-0.00742751582879658,0.0304938663076842
23-Jan-1970,-0.0205088766315404,0.00776973726436069,0.0112366319259878,0.00932878761806128
30-Jan-1970,-0.0504515434960982,0.000499875041650993,0.0123237496888319,0.0040809557888527
06-Feb-1970,0.0151841353250401,-0.0116678048676821,0,0.00795332405705664
13-Feb-1970,0.00379279823869626,0.00399202126953746,-0.000600180072032461,0.023938287287091
20-Feb-1970,0.015085637418041,-0.013591953519467,0.019508466388043,-0.0166987135187152
27-Feb-1970,0.0160701801774945,-0.000700245114393426,0.0173486383346131,-0.0166552812579835
06-Mar-1970,-0.00270365157431482,-0.000300045009001992,0.0251802985302983,-0.00983287374328461
13-Mar-1970,-0.0224501288375919,-0.0087380659432853,0.0199986865066891,-0.00333265728417141
20-Mar-1970,-0.0131865618041756,-0.0117689835999989,0.0103462920541443,0.00329285879102216
26-Mar-1970,0.0304322071202019,-0.00270365157431482,-0.0115666363714654,-0.00145470815875757
03-Apr-1970,-0.00783057911518856,0.00139902091370741,0.00925702126267685,0.00496195551626956
10-Apr-1970,-0.0194886765838624,-0.016739324004298,0.019018005835762,0.00528507059848166
17-Apr-1970,-0.0357308099557989,-0.0203047533403643,0.0232281261192072,-0.00470881708591433
24-Apr-1970,-0.0403012967735257,-0.0198966317144566,0.0177416814761571,0.010371476085545
01-May-1970,-0.0180621428184085,-0.0117689835999989,0.000799680170564244,0.00547180050632642
08-May-1970,-0.0253178079842899,-0.00561573878563575,0.0161685811615837,-0.00591535493916208
15-May-1970,-0.0356271776431512,-0.018775155326334,0.017839918128331,-0.00185132998093545
22-May-1970,-0.0678506669081744,-0.0223478636639076,0.0328543368709473,0.0117762292149334
29-May-1970,0.0584575695715687,0.000999500333083423,-0.0380134421982162,-0.0424906619517629
05-Jun-1970,-0.00280392733273426,0.0183309566847234,-0.0120725812342692,0.00744075216275289
12-Jun-1970,-0.0278852034895357,-0.00521356705288743,0.00657831536012251,0.0150405679920111
19-Jun-1970,0.0349809688952456,-0.0101513510563754,-0.0198966317144566,0.0127503723255552
26-Jun-1970,-0.0524518600024242,-0.0161293819298836,0.0223484036637618,0.0436214412834935
02-Jul-1970,-0.0114654781092781,-0.019080887812792,0.00369317183761761,0.0240229865035784
10-Jul-1970,0.0216636396360264,-0.0108587433348759,-0.00150112612626709,0.00160719731231069
17-Jul-1970,0.0371030879515023,-0.00662187630888697,0.004489905272852,-0.0208671660080168
24-Jul-1970,0.00209779808214612,0.0103462920541443,0.00429078141715625,-0.0107373152982251
31-Jul-1970,0.00429078141715625,0.0130149370774948,-0.00230264906267556,-0.0141551725755553
07-Aug-1970,-0.0106565801885289,-0.00762902716449116,0.0145930023029001,0.00136659365374088
14-Aug-1970,-0.0301499769508832,-0.00340579313483282,0.0226417304808246,0.0127535988066351
21-Aug-1970,0.0493614295377241,-0.0232686269393543,-0.00511304938682301,-0.0272121690238368
28-Aug-1970,0.0386436235922045,0.041045969436001,-0.026343975339602,-0.0575592747206725
04-Sep-1970,0.0148886124937506,0.0199006617063362,-0.00752826642079152,-0.0342078200019086
11-Sep-1970,-0.0021022080918702,0.0217614917815127,-0.0100503358535015,-0.0186688620329021
18-Sep-1970,0.00289580311202547,0.0151841353250401,-0.0118701725704874,-0.0150433506345869
25-Sep-1970,0.0170537545658276,0.0148886124937506,-0.0178585183013132,-0.0115682991680688
02-Oct-1970,0.0156764793850076,0.0168571170664228,-0.00652121699026546,-0.0146199865952362
09-Oct-1970,-0.00511304938682301,-0.00954541284353139,0.0154795708483864,0.0340331676532083
16-Oct-1970,-0.0131865618041756,-0.0126800531573745,0.0078689583786952,0.0299862979173721
23-Oct-1970,-0.0089398415694743,-0.0121738009317088,-0.00732677538646086,0.0275408550962835
30-Oct-1970,-0.00793137032628028,-0.0113643300790498,-0.00954541284353139,0.0209035410256545
06-Nov-1970,0.0124225199985571,-0.00591747376403762,0.00628023795715046,0.00843749066501078
13-Nov-1970,-0.0116678048676821,-0.0125787822068601,0.00757126549631813,0.016723619761505
20-Nov-1970,0.00169855663558151,-0.0193867138001901,-0.00190180728959633,0.0163327348865566
27-Nov-1970,0.0258626595257274,-0.00914165791728339,0.00329456694943011,-0.000546916795940473
04-Dec-1970,0.0418135028134103,0.0100493358530014,0.00399202126953746,-0.0228168815988172
11-Dec-1970,0.00767050630421974,-0.00280392733273426,-0.00451015547788602,0.000380652796818753
18-Dec-1970,-0.00120072057651888,-0.000100005000333347,0.00478851673179709,0.0154421308274328
24-Dec-1970,0.00628023795715046,0.0161685811615837,0.000799680170564244,-0.0190454246008428
31-Dec-1970,0.0168571170664228,0.0116320842297077,0.00349388925425584,-0.017196156763448
08-Jan-1971,0.00478851673179709,0.0220549907808313,0.0220549907808313,-0.0145857091789047
15-Jan-1971,0.0136070034062169,0.0213700257361925,0.00776973726436069,-0.0229299034250444
22-Jan-1971,0.0184291354683671,0.0097522914426783,-0.00742751582879658,-0.0100499810987644
29-Jan-1971,0.0103462920541443,0.0158733491562902,-0.00833463679005763,-0.0198588159143768
05-Feb-1971,0.0162669724638719,0.017938145131013,-0.0087380659432853,-0.0202749948435971
12-Feb-1971,0.0155780299633185,0.0125212805536717,0.00409161790325356,0.000254836629981125
19-Feb-1971,-0.018775155326334,-0.00904074465214907,0.00578324475572736,0.0215009843549724
26-Feb-1971,0.000799680170564244,-0.00290421314738983,-0.0134905901824991,0.0100174141383306
05-Mar-1971,0.0244974716003874,0.0141987193998129,-0.0105555139395166,0.00148192352055107
12-Mar-1971,0.00628023795715046,0.00548493023056975,-0.0100503358535015,-0.0129422519481601
19-Mar-1971,0.015282623531157,0.00478851673179709,-0.0117689835999989,-0.00493393315609938
26-Mar-1971,-0.00944445882799969,0.000499875041650993,-0.00290421314738983,0.00599158321016691
02-Apr-1971,0.00628023795715046,-0.00120072057651888,-0.0102523764643514,-0.00140474495913947
08-Apr-1971,0.0131136391453832,-0.00160128136697388,0.00498754151103897,0.0135724609644119
16-Apr-1971,0.0120273802127185,-0.00290421314738983,0.0131136391453832,0.00269085378146341
23-Apr-1971,0.00419120461846805,-0.00521356705288743,-0.00220242355520004,0.0122722515158241
30-Apr-1971,-0.00130084573304807,0.00508703904855721,-0.00340579313483282,0.00388078134619747
07-May-1971,-0.00954541284353139,-0.0014009809156281,-0.00491204436102064,-0.00611009572072269
14-May-1971,-0.00591747376403762,-0.00120072057651888,-0.00100050033358353,0.0109794710251048
21-May-1971,-0.0134905901824991,-0.00803217169726427,-0.00220242355520004,0.00214847885744254
28-May-1971,-0.0117689835999989,-0.000900405243164155,-0.00662187630888697,0.00688762095240513
04-Jun-1971,0.0185273046138836,0.00826574441703259,-0.00591747376403762,0.0220215612444194
11-Jun-1971,-0.00410842804454319,-0.00803217169726427,-0.00481155699722208,0.00108590861336269
18-Jun-1971,-0.0221433646856899,-0.0181639706276712,-0.00732677538646086,-0.00405163412487041
25-Jun-1971,-0.0105555139395166,9.99950003332973e-05,9.99950003332973e-05,-0.00795556865803991
02-Jul-1971,0.0189198848525108,0.00498754151103897,-0.00310481495347876,0.0103742396092817
09-Jul-1971,0.0106431600984798,0.00229735904868346,-0.00581688532156485,0.0113752917380086
16-Jul-1971,-0.0154182527283806,0.00169855663558151,0.00429078141715625,-0.00261238637878276
23-Jul-1971,-0.00380723834295407,-0.00702461493696447,0.000899595242835994,0.00128767279682978
30-Jul-1971,-0.0392607139533026,-0.0159261505502593,0.00399202126953746,-0.0246616379171279
06-Aug-1971,-0.0125787822068601,-0.00260338587011493,0.00389241471534385,-0.0113265737312236
13-Aug-1971,0.015282623531157,-0.00410842804454319,-0.00360649559411174,0.0234335683821588
20-Aug-1971,0.0254727959730311,0.00767050630421974,0.0141987193998129,0.0296425702840707
27-Aug-1971,0.0199986865066891,-0.00621929981391683,0.0105442138756711,0.00359618454848864
03-Sep-1971,0.00239712459972145,0.0066776547532405,0.00259662584726591,-0.00671653761139738
10-Sep-1971,-0.00170144663975757,0.00747201483870106,-0.00793137032628028,0.00868747406718611
17-Sep-1971,-0.00652121699026546,-0.00270365157431482,-0.00803217169726427,0.00369031676931155
24-Sep-1971,-0.0182658088068925,-0.00130084573304807,-0.00662187630888697,0.00898681152666955
01-Oct-1971,0.00697561373642514,0.00159872136369707,-0.0121738009317088,0.00599274974630565
08-Oct-1971,0.004489905272852,-0.001100605444033,0.00299550897979837,0.00329277599046002
15-Oct-1971,-0.017349638335113,-0.00300450902029872,0.000499875041650993,-0.00582172071638668
22-Oct-1971,-0.023882940463332,-0.00461061255768329,-0.00471107973011922,-0.00732414441492254
29-Oct-1971,-0.0145046862028817,-0.0114654781092781,-0.0014009809156281,0.00638755225245136
05-Nov-1971,0.00189819728308027,-0.00863719339566359,-0.00581688532156485,0.0103796563354362
12-Nov-1971,-0.0260360145508414,-0.00531409482376877,-0.0043092715880984,-0.0060268643482289
19-Nov-1971,-0.00742751582879658,-0.01197137178122,-0.00100050033358353,0.00187910357792102
26-Nov-1971,0.00129915573162013,-0.0153167041118933,-0.00521356705288743,-0.00240720679306011
03-Dec-1971,0.0569472804417501,0.0180363624860986,-0.00571630699610919,0.0118358318351096
10-Dec-1971,0.00935609492402503,0.0147900854726353,-0.00310481495347876,0.0130326195426959
17-Dec-1971,0.0237165266173161,0.00319489089651929,-0.00200200267067308,-0.00891235977556509
23-Dec-1971,0.00389241471534385,-0.000400080021339691,0.0017983819413794,-0.000703379418735064
31-Dec-1971,0.0142973047008244,0.0081665626663934,0.00299550897979837,-0.0216555671228056
07-Jan-1972,0.0141001243787816,0.0210763256019163,0.0160701801774945,-0.0250872799042021
14-Jan-1972,0.000799680170564244,0.0117309228756987,-0.000300045009001992,-0.00470295774463897
21-Jan-1972,0.00289580311202547,0.00935609492402503,-0.00230264906267556,0.0115823313621536
28-Jan-1972,0.00737275432941316,0.0116320842297077,0.00488803407277587,0.0117687842876328
04-Feb-1972,0.0102473164515495,0.0157749191153622,-0.0127813343647332,0.0100836451598977
11-Feb-1972,0.00139902091370741,-0.000300045009001992,0.00159872136369707,0.0093802550075308
18-Feb-1972,0.00249688019858715,0.00508703904855721,-0.00541463270149884,0.00588815758117426
25-Feb-1972,0.00866237307865259,9.99950003332973e-05,-0.00551518068811011,-0.0044068557648817
03-Mar-1972,0.0189198848525108,-0.000600180072032461,-0.0118701725704874,0.0124546710884618
10-Mar-1972,0.00518652668730015,0.00796816964917688,-0.00340579313483282,-4.7990361967897e-06
17-Mar-1972,-0.00611868100817718,-0.00803217169726427,0.00399202126953746,-0.000403923462860424
24-Mar-1972,-0.0043092715880984,-0.00904074465214907,-0.00310481495347876,0.014470253241787
30-Mar-1972,-0.00320513094894834,0.00399202126953746,-0.00481155699722208,0.00968140689251923
07-Apr-1972,0.0231304173888545,0.00169855663558151,-0.00260338587011493,0.0244387339568553
14-Apr-1972,0.00309520490730252,0.0097522914426783,-0.00250313021811848,0.00519601429389373
21-Apr-1972,-0.0105555139395166,-0.00521356705288743,0.011137744410456,-0.000705645639329653
28-Apr-1972,-0.0128826258310137,-0.00410842804454319,-0.00531409482376877,0.000997020185947285
05-May-1972,-0.0115666363714654,-0.0161293819298836,-0.00270365157431482,0.0032804978080116
12-May-1972,-0.00170144663975757,-0.00370686193132651,-0.000600180072032461,0.00657916720594467
19-May-1972,0.0230326991105728,-0.000900405243164155,-0.0130852395486555,0.0269123600102924
26-May-1972,0.0135083500247923,-0.00330545700872648,-0.0157229604652362,0.00748226579584667
02-Jun-1972,-0.00762902716449116,-0.000800320170769155,0.000899595242835994,-0.00592333119534564
09-Jun-1972,-0.0265493352335365,0.000999500333083423,-0.00471107973011922,0.00049702549906945
16-Jun-1972,0.0109399400383343,-0.00230264906267556,-0.00843547882110158,0.00916629176918194
23-Jun-1972,-0.00230264906267556,-0.0014009809156281,-0.00531409482376877,0.0080877256307619
30-Jun-1972,-0.0099493308536681,0.00249688019858715,-0.00320513094894834,-0.000203310011917907
07-Jul-1972,0.0132123314721349,-0.00230264906267556,-0.00611868100817718,0.00897917368490817
14-Jul-1972,-0.01999864650669,-0.00833463679005763,0.0104452578615386,-0.00431979605043251
21-Jul-1972,-0.00410842804454319,-0.0103534120794916,0.0105442138756711,0.0044763991509557
28-Jul-1972,0.00349388925425584,-0.00611868100817718,-0.00591747376403762,0.0148688603808778
04-Aug-1972,0.0276151670329734,-0.0152151658064804,-0.0153167041118933,0.0107676444533057
11-Aug-1972,0.0132123314721349,-0.00571630699610919,-0.00160128136697388,-0.00301178840883418
18-Aug-1972,-0.001100605444033,-0.00591747376403762,0.0276151670329734,-0.015226396864633
25-Aug-1972,-0.010959840236342,-0.00772979806194127,0.0281014301108748,-0.0277005067233801
01-Sep-1972,0.00608147031586795,-0.00742751582879658,0.00289580311202547,0.001490968841663
08-Sep-1972,-0.0138961051921114,-0.0043092715880984,0.00995033085316809,0.00259545388600238
15-Sep-1972,-0.0140989243795016,-0.00813298323018899,0.00409161790325356,-0.00282784867034559
22-Sep-1972,-0.00461061255768329,-0.00793137032628028,0.00439034830129285,0.00449337298798054
29-Sep-1972,0.0170537545658276,-0.00772979806194127,-0.0126800531573745,0.0125639679541584
06-Oct-1972,-0.0100503358535015,-0.0136933271320026,0.0144944461504525,0.00267797101521783
13-Oct-1972,-0.0166376411530232,0.000399920021326891,0.00588266315815551,-0.00620829858765917
20-Oct-1972,0.00995033085316809,-0.0111620647061919,-0.00100050033358353,0.00656309502172022
27-Oct-1972,0.0125212805536717,0.000199980002666245,-0.00390762483101708,0.00509230947617076
03-Nov-1972,0.0321767316952212,-0.0120725812342692,-0.00220242355520004,-0.00301232148777699
10-Nov-1972,-0.00310481495347876,-0.0021022080918702,0.021467906615241,-0.0155450367159635
17-Nov-1972,0.0140015196358136,-0.0104544579038589,0.00826574441703259,-0.0101288988949848
24-Nov-1972,0.0132123314721349,-0.00360649559411174,0.0173486383346131,-0.0120184887934634
01-Dec-1972,0.00369317183761761,0.016463726030665,-0.00400802139753882,-0.00760886514818632
08-Dec-1972,0.0102473164515495,0.00289580311202547,-0.0148091156537082,0.0106829451774142
15-Dec-1972,-0.0069239150728242,-0.013591953519467,-0.001100605444033,0.0247125256346632
22-Dec-1972,-0.0197946273281795,-0.00280392733273426,0.000799680170564244,0.0122604964643918
29-Dec-1972,0.016463726030665,-0.00803217169726427,-0.00591747376403762,0.00856109296040411
05-Jan-1973,0.0126200313561022,0.0117309228756987,0.00169855663558151,-0.00134493454201603
12-Jan-1973,-0.0069239150728242,-0.0155198116580368,0.0133110140596724,0.0151657249372378
19-Jan-1973,-0.00904074465214907,-0.0120725812342692,-0.00170144663975757,0.00709259729011614
26-Jan-1973,-0.0248051189189711,-0.0117689835999989,0.00458945233380722,0.00717502676425023
02-Feb-1973,-0.0213257867147524,-0.0104544579038589,0.0098513160503742,0.00379268322871459
09-Feb-1973,0.00129915573162013,-0.00682322534812554,-0.0129839275582948,0.00888275552174932
16-Feb-1973,-0.00180162194662821,-0.0087380659432853,0.00538547227633789,0.00777128509955058
23-Feb-1973,-0.0189789665978029,-0.0142003494011414,0.0167587838149546,0.0129691544507502
02-Mar-1973,-0.0126800531573745,-0.0183676573581849,0.011137744410456,0.0135626175250516
09-Mar-1973,0.0141001243787816,0.00429078141715625,-0.00813298323018899,0.00197356153145627
16-Mar-1973,-0.00591747376403762,-0.0128826258310137,0.0105442138756711,0.0220492848902591
23-Mar-1973,-0.0457298517061743,-0.0102523764643514,0.0260575343192896,0.00488472809004443
30-Mar-1973,0.02244618882983,-0.00100050033358353,-0.00591747376403762,-0.00202539741250838
06-Apr-1973,-0.0261386576096948,-0.0087380659432853,0.0136070034062169,0.014665924786312
13-Apr-1973,0.0223484036637618,-0.0150121201205036,0.0100493358530014,0.0104731788592277
19-Apr-1973,-0.00310481495347876,-0.00964637705180545,0.0126200313561022,0.0143620898845633
27-Apr-1973,-0.0491902441907718,-0.00591747376403762,0.0209784063851918,0.0354945563863841
04-May-1973,0.0315955615897506,-0.0170444346092585,-0.00934351500315247,-0.00265542100648782
11-May-1973,-0.0224501288375919,0.00776973726436069,-0.000400080021339691,0.0144702827550106
18-May-1973,-0.0473012731180131,-0.0264466500149835,0.016463726030665,0.0311683155461182
25-May-1973,0.0333380596105104,-0.0326265028270942,-0.0154182527283806,-0.00546432833936472
01-Jun-1973,-0.0377018671840115,-0.00190180728959633,0.0167587838149546,0.028218187324985
08-Jun-1973,0.022934971282496,-0.0184695162836613,-0.00732677538646086,0.0143650388915683
15-Jun-1973,-0.0172478934095534,0.0115332358136731,0.00717420374800045,0.00135294109860869
22-Jun-1973,-0.0159261505502593,-0.0102523764643514,0.00548493023056975,0.0286731064380688
29-Jun-1973,0.00369317183761761,-0.0116678048676821,0.0021975835434872,0.00194324179018528
06-Jul-1973,-0.0277823810124516,0.0089597413714718,0.0200967016991224,-0.0071088408714556
13-Jul-1973,0.0316924467324897,0.0219571673520421,-0.0205088766315404,-0.0454990671331024
20-Jul-1973,0.0358496528936972,0.031498667059371,-0.0368714747759047,-0.0568252005248566
27-Jul-1973,0.020390689647734,0.0110388471152164,-0.019692633345736,-0.0176562818303474
03-Aug-1973,-0.027371196796132,-0.000200020002667045,0.00439034830129285,0.0190780825324578
10-Aug-1973,-0.0172478934095534,-0.00270365157431482,0.000699755114273265,0.00812100664754931
17-Aug-1973,-0.0231662780318396,-0.00521356705288743,0.0136070034062169,0.010668420676047
24-Aug-1973,-0.00904074465214907,-0.00813298323018899,0.00169855663558151,0.00717221904880248
31-Aug-1973,0.0251802985302983,-0.00410842804454319,-0.00481155699722208,-0.00731883910207205
07-Sep-1973,0.00836491633162767,0.00369317183761761,0.0097522914426783,-0.0113288530144462
14-Sep-1973,-0.00531409482376877,0.00508703904855721,-0.00762902716449116,0.0109549987392446
21-Sep-1973,0.0307231726428405,0.00876150566857267,0.00289580311202547,-0.0548265191961722
28-Sep-1973,0.0124225199985571,0.0104452578615386,0.0165620882989782,-0.0146780184255634
05-Oct-1973,0.0126200313561022,0.0207825391825284,0.0138042809763971,-0.0179739842019173
12-Oct-1973,0.0116320842297077,0.000899595242835994,-0.0126800531573745,0.0164856055447078
19-Oct-1973,-0.0131865618041756,-0.00571630699610919,0.00279608730200119,0.0375468981555305
26-Oct-1973,0.00399202126953746,-0.0162310131104173,0.00468898948613147,0.0171684327067695
02-Nov-1973,-0.0384290266197819,-0.00491204436102064,0.00747201483870106,0.0271233584595942
09-Nov-1973,-0.0212236364516267,-0.0163326546208976,0.0146915487429897,0.0111762710227562
16-Nov-1973,-0.0216323001271138,-0.0330398540782002,0.00458945233380722,0.0323912953184156
23-Nov-1973,-0.0448927688907367,-0.0205088766315404,0.0181345701954827,0.00698138852621417
30-Nov-1973,-0.0375980304153185,-0.0158245503469715,0.0102473164515495,0.0371413770042654
07-Dec-1973,0.00139902091370741,-0.0224501288375919,0.00429078141715625,0.0256244031054202
14-Dec-1973,-0.0349020520092649,-0.0121738009317088,0.0200967016991224,0.0350366708940509
21-Dec-1973,-0.000900405243164155,-0.0111620647061919,0.0176434351725953,0.0198483382352675
28-Dec-1973,0.0383549538764639,-0.0117689835999989,-0.00440970848870007,-0.00420726908066123
04-Jan-1974,0.021467906615241,0.0486949215387586,0.0385474096122388,-0.0483087039617388
11-Jan-1974,-0.0502412164367468,0.0274205955759922,0.0238141780992549,0.00363485775035262
18-Jan-1974,0.0210763256019163,0.00508703904855721,-0.00611868100817718,-0.0186505181381254
25-Jan-1974,0.00826574441703259,0.00866237307865259,-0.00672254576082681,-0.0241070730435269
01-Feb-1974,-0.0133892371190161,0.0120273802127185,0.0097522914426783,0.000374627382702962
08-Feb-1974,-0.0292228586769033,0.00229735904868346,0.0173486383346131,0.0100556898649635
15-Feb-1974,-0.00481155699722208,-0.00340579313483282,0.0102473164515495,0.000391210117962238
22-Feb-1974,0.0312079271241932,-0.0123762710680554,0.000899595242835994,0.00189820625484476
01-Mar-1974,0.00468898948613147,0.0142973047008244,-0.00290421314738983,-0.0114298646078621
08-Mar-1974,0.0211742352314066,0.00747201483870106,-0.0163326546208976,-0.0298554187085804
15-Mar-1974,0.0146915487429897,0.00429078141715625,-0.0112631922787107,-0.0157493253733162
22-Mar-1974,-0.0222456089473197,0.00439034830129285,0.00458945233380722,0.0112830307750949
29-Mar-1974,-0.0363528294657983,0.00299550897979837,0.0170537545658276,0.0114591220826994
05-Apr-1974,-0.0148091156537082,0.00269636154774253,0.00478851673179709,0.00018539133519707
11-Apr-1974,-0.0108587433348759,-0.00280392733273426,0.00796816964917688,0.00768678705094913
19-Apr-1974,0.0134096869099177,-0.00471107973011922,-0.00100050033358353,0.00919062378447115
26-Apr-1974,-0.0442654162980154,-0.00300450902029872,0.00429078141715625,-0.00380690012929479
03-May-1974,0.0116320842297077,-0.00310481495347876,-0.0087380659432853,0.0101843914949698
10-May-1974,-0.00561573878563575,-0.00783057911518856,-0.00501254182354429,-0.00210237598872585
17-May-1974,-0.0372865847860166,0.00209779808214612,0.00129915573162013,0.00377827054802168
24-May-1974,-0.000200020002667045,-0.0210193672240755,-0.0176549352387207,-0.0253709081340972
31-May-1974,-0.0153167041118933,-0.000900405243164155,0.00309520490730252,-0.00100377148397278
07-Jun-1974,0.0566638471175418,-0.00883894866720439,-0.00581688532156485,-0.00653133439519723
14-Jun-1974,-0.0152151658064804,0.00767050630421974,-0.00772979806194127,0.016857137089118
21-Jun-1974,-0.046253384517462,0.00687630393943206,0.00886062843219647,0.0156736274769695
28-Jun-1974,-0.0239853627505113,-0.00934351500315247,0.0109399400383343,0.00107960029152335
05-Jul-1974,-0.0311811174835747,-0.00581688532156485,0.0126200313561022,-0.00630805139931122
12-Jul-1974,-0.0101513510563754,-0.0139975096438537,0.00528600442923744,-0.00876545582209625
19-Jul-1974,0.00866237307865259,0.0104452578615386,0.0106431600984798,0.0133508893649189
26-Jul-1974,-0.0130852395486555,0.00995033085316809,0.017938145131013,0.00737920135272045
02-Aug-1974,-0.048140375327935,0.00707491367196198,0.0129162252665462,0.0197380966841488
09-Aug-1974,0.0295588022415444,0.00488803407277587,0.00149887612373595,-0.0125514370756421
16-Aug-1974,-0.0652854666986295,0.0141001243787816,0.0213700257361925,0.0254219269284305
23-Aug-1974,-0.0562529415507984,-0.00310481495347876,0.0234235149435881,0.0283879025847284
30-Aug-1974,0.00259662584726591,-0.0218366946091744,-0.0272684271541938,-0.0176730009792652
06-Sep-1974,-0.0136933271320026,-0.0130852395486555,0.0114343776256632,0.00701627078635986
13-Sep-1974,-0.0886126583566036,0.00249688019858715,0.0172503534065277,0.0306818010815795
20-Sep-1974,0.0698058742439629,-0.0268574541698826,-0.0087380659432853,-0.0362415254452886
27-Sep-1974,-0.0684929964453004,0.0322735605502956,0.0299470763679521,0.0286574628562249
04-Oct-1974,-0.0418642040986989,0.0094551587707552,0.0122249696225689,0.0143822897057564
11-Oct-1974,0.12628016591033,-0.0327298246229189,-0.039052727263701,-0.0393118118424369
18-Oct-1974,0.0159717695096987,0.0081665626663934,-0.0264466500149835,0.0107295334822437
25-Oct-1974,-0.0247026126403718,0.0104452578615386,-0.0105555139395166,0.0153991941918364
01-Nov-1974,0.0484091392076876,-0.0282965991551138,-0.0255229572310859,-0.00977454524349384
08-Nov-1974,0.0198026272961797,-0.00501254182354429,-0.00974735145488007,-0.0139409390373026
15-Nov-1974,-0.0387408283164306,0.00935609492402503,0.0200967016991224,0.0221037683302109
22-Nov-1974,-0.0418642040986989,-0.00631992874481935,0.00249688019858715,0.0093079770019943
29-Nov-1974,0.0147900854726353,-0.00984833605481441,-0.0170444346092585,-0.000325753523605576
06-Dec-1974,-0.0756938443692003,-0.00180162194662821,0.0121261797978406,0.0224363815929304
13-Dec-1974,0.0242046886968174,-0.0379095730732202,-0.00803217169726427,0.0100874073990131
20-Dec-1974,-0.00682322534812554,-0.00944445882799969,0,0.0144470225582514
27-Dec-1974,0.0021975835434872,-0.00300450902029872,-0.000400080021339691,-0.0087702838382761
03-Jan-1975,0.0530667209366922,0.00915793778476572,0.0237165266173161,-0.0465066197423581
10-Jan-1975,0.0328543368709473,0.0278097006392672,0.0332413337798019,-0.0555514085308865
17-Jan-1975,-0.0158245503469715,0.0352706140819193,0.00767050630421974,-0.00940378152234188
24-Jan-1975,0.0239118200463129,-0.0014009809156281,0.0119285708652738,-0.0164750104985234
31-Jan-1975,0.0512632939375415,0.0232281261192072,-0.00934351500315247,-0.0477720316825745
07-Feb-1975,0.023618865598634,0.0106431600984798,-0.018775155326334,-0.00609956113154821
14-Feb-1975,0.0324671901375014,-0.00793137032628028,-0.0272684271541938,-0.0129405213184706
21-Feb-1975,0.0113355096637457,-0.00561573878563575,-0.0021022080918702,-3.83504183877849e-05
28-Feb-1975,-0.0134905901824991,0.00399202126953746,0.00269636154774253,0.00203314225650545
07-Mar-1975,0.0325639908732626,0.000899595242835994,0.0131136391453832,-0.0225024875176116
14-Mar-1975,0.00925702126267685,0.0287818014254519,0.00757126549631813,-0.0114337218464665
21-Mar-1975,-0.0133892371190161,0.0078689583786952,0.00439034830129285,-0.00164051549382492
27-Mar-1975,0.00319489089651929,-0.00531409482376877,-0.00200200267067308,0.010375731385544
04-Apr-1975,-0.0325231917055601,0.016463726030665,-0.000500125041682243,0.00868841910791751
11-Apr-1975,0.034594644764499,-0.0153167041118933,-0.00511304938682301,0.00479681310246186
18-Apr-1975,0.0241070753432331,0.00199800266267306,-0.00160128136697388,-0.00450507426943609
25-Apr-1975,0.00419120461846805,0.00538547227633789,0.00598207167754747,-0.000205548503320445
02-May-1975,0.0256677467485778,-0.0180621428184085,-0.0171461588349705,-0.00592836675332732
09-May-1975,0.0201947072855193,0.0129162252665462,-0.00934351500315247,-0.00860898400273545
16-May-1975,-0.001100605444033,0.00776973726436069,-0.00300450902029872,-0.000925009539161206
23-May-1975,0.00199800266267306,0.0115332358136731,-0.0154182527283806,0.00149605307921892
30-May-1975,0.00826574441703259,0.011137744410456,-0.00160128136697388,0.00858391508665856
06-Jun-1975,0.0153811020383024,0.00647896609770907,-0.00380723834295407,-0.00353502765420539
13-Jun-1975,-0.0201006717070029,-0.00220242355520004,0.0100493358530014,-0.00660945107631578
20-Jun-1975,0.0234235149435881,-0.0100503358535015,0.00369317183761761,0.0119661164618671
27-Jun-1975,0.0233258253034968,0.0066776547532405,-0.000300045009001992,-0.0037205665412233
03-Jul-1975,-0.00420884477405468,0.0153811020383024,0.00259662584726591,-0.00171622322137685
11-Jul-1975,0.00538547227633789,0.00677698427902367,0.0202927032677624,0.0154388670054078
18-Jul-1975,-0.0125787822068601,0.0209784063851918,0.0115332358136731,0.00928551728309757
25-Jul-1975,-0.0454158635304826,-0.00320513094894834,-0.00954541284353139,-0.0161401665611402
01-Aug-1975,-0.0171461588349705,-0.00652121699026546,-0.00230264906267556,-0.00796065639666554
08-Aug-1975,-0.0254203773469112,-0.0138961051921114,-0.00934351500315247,-0.0171312540433902
15-Aug-1975,0.000399920021326891,-0.00823380492710354,-0.00230264906267556,0.00795252714495681
22-Aug-1975,-0.0259333820265044,-0.00581688532156485,-0.0014009809156281,-0.0119265141009616
29-Aug-1975,0.0319830458530507,-0.00400802139753882,0.00209779808214612,0.0238865066580752
05-Sep-1975,-0.0162310131104173,0.00389241471534385,0.00379279823869626,7.40645601127413e-05
12-Sep-1975,-0.0304592074847086,0.00349388925425584,0.00677698427902367,-0.0110517260372204
19-Sep-1975,0.0268366539535598,-0.0180621428184085,-0.00461061255768329,0.000748714396429109
26-Sep-1975,0.00279608730200119,0.00239712459972145,-0.00833463679005763,0.0130645309221567
03-Oct-1975,-0.00621929981391683,-0.0104544579038589,-0.00200200267067308,-0.00758024775974574
10-Oct-1975,0.0240094524603519,-0.0101513510563754,-0.00833463679005763,0.00199169493143366
17-Oct-1975,0.00767050630421974,-0.00481155699722208,0.00159872136369707,0.00249213147837699
24-Oct-1975,0.0101483310518151,-0.00652121699026546,0.0124225199985571,0.00698540186286171
31-Oct-1975,-0.0116678048676821,-0.00190180728959633,0.00419120461846805,-0.00220860387423631
07-Nov-1975,0.00558437829390066,-0.000500125041682243,0.00389241471534385,0.00288963297903104
14-Nov-1975,0.0189198848525108,-0.00270365157431482,0.000799680170564244,0.00356763421777989
21-Nov-1975,-0.0159261505502593,9.99950003332973e-05,0.0104452578615386,-0.0117214918091273
28-Nov-1975,0.0175451792157489,-0.0087380659432853,0.00419120461846805,0.00239883096702259
05-Dec-1975,-0.0521357544205285,0.00598207167754747,-0.000700245114393426,-0.0208921105746712
12-Dec-1975,0.00776973726436069,-0.0150121201205036,-0.001100605444033,0.00379073993989646
19-Dec-1975,0.011137744410456,-0.00120072057651888,0.00269636154774253,0.0124653301197078
26-Dec-1975,0.0155780299633185,-0.00833463679005763,0.0103462920541443,0.00579027059384337
02-Jan-1976,0.00846407841212936,0.0094551587707552,0.0191161171922301,-0.00841460560753082
09-Jan-1976,0.0457378916738537,0.00568381646829771,0.0153811020383024,0.000687738574954901
16-Jan-1976,0.0211742352314066,0.00747201483870106,0.0186254641231648,0.0192264510553646
23-Jan-1976,0.0215657779145606,0.019508466388043,0.022934971282496,0.0115821147942156
30-Jan-1976,0.017938145131013,0.011137744410456,0.0061808590750811,-0.0090096850914104
06-Feb-1976,-0.00742751582879658,0.019508466388043,0.00488803407277587,-0.00661732659374371
13-Feb-1976,0.00707491367196198,0.0237165266173161,0.0208804775793551,0.00797965374153523
20-Feb-1976,0.0248877155077789,0.017839918128331,0.0231304173888545,0.0147589206745439
27-Feb-1976,-0.0213257867147524,0.00548493023056975,0.00518652668730015,-0.00132148533882739
05-Mar-1976,-0.00521356705288743,0.00657831536012251,0.0114343776256632,0.0123720503389893
12-Mar-1976,0.0155780299633185,-0.00702461493696447,-0.00160128136697388,0.00157807851329215
19-Mar-1976,-0.00511304938682301,-0.000800320170769155,-0.0043092715880984,-0.0152450980733934
26-Mar-1976,0.0192142189238044,-0.00904074465214907,-0.00471107973011922,-0.00761670879724528
02-Apr-1976,-0.00611868100817718,0.00389241471534385,-0.00642056780292269,0.000298244814274649
09-Apr-1976,-0.0216323001271138,-0.00170144663975757,-0.00883894866720439,-0.0123818299851867
15-Apr-1976,0.00149887612373595,-0.00924258136693254,0.00379279823869626,0.00219176020000575
23-Apr-1976,0.0161685811615837,0.00528600442923744,0.00905884448834615,0.0101670451099183
30-Apr-1976,-0.00722604509173958,-0.000400080021339691,0.000499875041650993,0.00169246051106625
07-May-1976,0.00319489089651929,-0.00330545700872648,-0.00783057911518856,-0.00411767651136205
14-May-1976,-0.00360649559411174,0.00139902091370741,0.0105442138756711,0.00359328442239233
21-May-1976,-0.00120072057651888,-0.00420884477405468,-0.000600180072032461,-0.00200357066638724
28-May-1976,-0.01197137178122,-0.00652121699026546,-0.0150121201205036,-0.0111209769374154
04-Jun-1976,-0.00954541284353139,-0.00220242355520004,-0.000200020002667045,-0.00380330346304435
11-Jun-1976,0.0148886124937506,-0.0107576566529602,-0.00551518068811011,-0.00241467842703672
18-Jun-1976,0.0272259862535915,-0.00270365157431482,0.00687630393943206,0.00738602150684879
25-Jun-1976,0.000699755114273265,0.00339423306801562,0.00159872136369707,-0.00300190156151319
02-Jul-1976,0.00379279823869626,0.00259662584726591,0.00279608730200119,-0.00880870242248851
09-Jul-1976,0.00776973726436069,0.00478851673179709,0.00409161790325356,-0.00250101563280614
16-Jul-1976,-0.00290421314738983,0.00747201483870106,0.000299955008997942,-0.00351357398617305
23-Jul-1976,-0.00662187630888697,-0.00320513094894834,0.00249688019858715,0.0031939123668928
30-Jul-1976,-0.00742751582879658,-0.0101513510563754,0.00965325702813835,-0.00260318331382762
06-Aug-1976,0.00478851673179709,-0.00551518068811011,0.00657831536012251,0.00748584977402874
13-Aug-1976,0.00389241471534385,-0.00591747376403762,-0.000300045009001992,-0.00380726875204179
20-Aug-1976,-0.0182658088068925,-0.0014009809156281,0.00129915573162013,-0.0119317241939014
27-Aug-1976,-0.00853633102228634,-0.00290421314738983,0,-0.00351317779621685
03-Sep-1976,0.02557027611153,-0.00561573878563575,-0.00481155699722208,0.00918827161408332
10-Sep-1976,0.00259662584726591,0.00159872136369707,-0.00120072057651888,-0.0009045576326611
17-Sep-1976,0.0133110140596724,-0.00511304938682301,-0.00280392733273426,0.000596799769777018
24-Sep-1976,0.00478851673179709,0.00299550897979837,0.00717420374800045,-0.00200228097047947
01-Oct-1976,-0.0235757365287057,0.00439034830129285,0.000799680170564244,-0.00150440498451354
08-Oct-1976,-0.0158245503469715,0.000599820071967549,-0.00150112612626709,-0.00901737237916942
15-Oct-1976,-0.016942720730312,0.00259662584726591,-0.0014009809156281,-0.00473441542319517
22-Oct-1976,-0.00853633102228634,0.00468898948613147,0.00628023795715046,0.00168703935568863
29-Oct-1976,0.0258626595257274,-0.00853633102228634,-0.00722604509173958,0.00569388348499017
05-Nov-1976,-0.0140989243795016,0.0120273802127185,0.0143958802837323,0.00857864590711667
12-Nov-1976,-0.0156213809029568,0.00339423306801562,-0.00220242355520004,-0.00610985868980225
19-Nov-1976,0.0277124385665358,-0.00310481495347876,0.00109939544330106,0.0131772553170516
26-Nov-1976,0.0141987193998129,0.004489905272852,-0.00200200267067308,0.00379739262158977
03-Dec-1976,-0.00200200267067308,0.00846407841212936,0.00955421280481171,0.0120723177529454
10-Dec-1976,0.0209784063851918,0.0101483310518151,0.00498754151103897,0.000397731492345601
17-Dec-1976,-0.00200200267067308,0.00468898948613147,0.0170537545658276,0.00289645941284532
23-Dec-1976,0.00369317183761761,0.00159872136369707,-0.00682322534812554,-0.00330299807292655
31-Dec-1976,0.0247901688072187,0.0097522914426783,-0.000400080021339691,-0.0045050821369015
07-Jan-1977,-0.0178585183013132,0.0266419309464211,0.0133110140596724,0.00509562041893346
14-Jan-1977,-0.0069239150728242,0.0106431600984798,0.00568381646829771,0.011879251849459
21-Jan-1977,-0.00380723834295407,0.0109399400383343,0.0125212805536717,0.0134801856526829
28-Jan-1977,-0.0124775215111126,0.004489905272852,0.0127187724077746,0.0132783388047581
04-Feb-1977,0.00159872136369707,0.00498754151103897,-0.00130084573304807,0.0078904341172509
11-Feb-1977,-0.0148091156537082,0.0106431600984798,-0.00330545700872648,-0.00720841248120451
18-Feb-1977,0.00289580311202547,-0.00471107973011922,0.00876150566857267,0.000495208495795057
25-Feb-1977,-0.0113643300790498,0,-0.000800320170769155,-0.00231420989223609
04-Mar-1977,0.0160701801774945,-0.00662187630888697,-0.00170144663975757,-0.000602662218374123
11-Mar-1977,-0.00390762483101708,0.00637960696403899,0.000199980002666245,0.00148593711264076
18-Mar-1977,0.00935609492402503,-0.00260338587011493,0.00419120461846805,-0.00711440429359872
25-Mar-1977,-0.0252152491410638,0.0126200313561022,0.00189819728308027,0.00468798524193579
01-Apr-1977,-0.001100605444033,-0.00762902716449116,0.00608147031586795,0.00589150159745074
07-Apr-1977,-0.00954541284353139,-0.000500125041682243,0.00149887612373595,0.00838494127704329
15-Apr-1977,0.0258626595257274,-0.00611868100817718,0.0094551587707552,0.00169704653291629
22-Apr-1977,-0.0225524044705115,0.0134096869099177,0.0133110140596724,0.020257855034866
29-Apr-1977,0,-0.00521356705288743,0.0089597413714718,0.00548895210202261
06-May-1977,0.0141001243787816,0.00149887612373595,0.00109939544330106,0.00379214026864135
13-May-1977,-0.00180162194662821,0.00628023795715046,0.00369317183761761,0.00658996193407426
20-May-1977,0.00439034830129285,0.00419120461846805,0.000899595242835994,0.00428637268645152
27-May-1977,-0.0292228586769033,0.00399202126953746,0.00279608730200119,0.00339070930256523
03-Jun-1977,0.0119285708652738,-0.00722604509173958,-0.00370686193132651,0.00369370602756371
10-Jun-1977,0.00806737107775879,0.00558437829390066,-0.000500125041682243,0.00349392659242489
17-Jun-1977,0.0153811020383024,0.000599820071967549,-0.00732677538646086,-0.000503618289404436
24-Jun-1977,0.0132123314721349,0.00528600442923744,0.00259662584726591,0.000497125289424882
01-Jul-1977,-0.00823380492710354,0.0149871298082482,0.00518652668730015,0.00958713534349568
08-Jul-1977,-0.00160128136697388,0.00935609492402503,0.000199980002666245,0.00419293850220675
15-Jul-1977,0.00399202126953746,0.00289580311202547,-0.00400802139753882,0.00158001961034582
22-Jul-1977,0.0118297517535772,0.00109939544330106,-0.00320513094894834,-0.00750774775527607
29-Jul-1977,-0.0288110818541196,0.0021975835434872,-0.00170144663975757,-0.00230464188340239
05-Aug-1977,0,0.00259662584726591,-0.00712532494258863,9.02941378788571e-05
12-Aug-1977,-0.00682322534812554,0.00806737107775879,-0.00853633102228634,-0.000710060877970707
19-Aug-1977,-0.0043092715880984,0.00637960696403899,-0.0147076288722743,-0.010220177370918
26-Aug-1977,-0.0128826258310137,0.00359353551013022,0.00399202126953746,-0.00641270079055366
02-Sep-1977,0.0134096869099177,-0.00150112612626709,-0.00190180728959633,0.005287206448162
09-Sep-1977,-0.0108587433348759,0.00737275432941316,0.00309520490730252,0.0067940969712541
16-Sep-1977,0.000599820071967549,0.00279608730200119,-0.00581688532156485,0.00359449802000037
23-Sep-1977,-0.0142003494011414,0.00369317183761761,0.00359353551013022,0.00759275997294669
30-Sep-1977,0.0135083500247923,-0.0021022080918702,-0.00461061255768329,0.000892615831023845
07-Oct-1977,-0.00350613932928759,0.00677698427902367,0.00538547227633789,0.00329435983861512
14-Oct-1977,-0.0274739770007551,0.00139902091370741,0.00548493023056975,-0.0127390195012564
21-Oct-1977,-0.0122750308756126,0.00538547227633789,0.00488803407277587,0.00349538032342398
28-Oct-1977,0.000299955008997942,-0.00370686193132651,-0.000400080021339691,-0.00441690141016239
04-Nov-1977,-0.0069239150728242,0.00776973726436069,0.00498754151103897,0.00739195392483658
11-Nov-1977,0.0465972853767823,-0.00350613932928759,-0.0087380659432853,0.00118077768831985
18-Nov-1977,-0.00160128136697388,0.0196065296389183,0.00369317183761761,0.00868181256841645
25-Nov-1977,0.016463726030665,0.00478851673179709,-0.00240288461631031,-0.00431011448430982
02-Dec-1977,-0.017349638335113,0.0155780299633185,0.00995033085316809,0.014974362343027
09-Dec-1977,-0.0114654781092781,0.00389241471534385,0.00289580311202547,0.0087753673928841
16-Dec-1977,-0.00200200267067308,0.00687630393943206,-0.00250313021811848,0.00579304966576385
23-Dec-1977,0.0104452578615386,-0.00752826642079152,-0.00551518068811011,-0.0077232157680754
30-Dec-1977,0.00458945233380722,0.00229735904868346,-0.00120072057651888,0.00549290771441316
06-Jan-1978,-0.0371827911277159,0.00319489089651929,0.0182327682610597,-0.0110166263865812
13-Jan-1978,-0.0220411308768803,0.0021975835434872,0.0104452578615386,-0.00593384374518638
20-Jan-1978,0.00299550897979837,0.00836491633162767,0.00159872136369707,0.000393236633813682
27-Jan-1978,-0.0127813343647332,0.00905884448834615,0.00955421280481171,-0.000302484315235732
03-Feb-1978,0.0148886124937506,0.0106431600984798,-0.00934351500315247,0.00598436163013412
10-Feb-1978,0.0078689583786952,0.00737275432941316,0.000299955008997942,-0.00381403593209765
17-Feb-1978,-0.0220411308768803,0.0131136391453832,0.00578324475572736,0.00638806912793103
24-Feb-1978,0.00677698427902367,0.0017983819413794,-0.00180162194662821,0.00279692355237373
03-Mar-1978,-0.0105555139395166,0.00458945233380722,0.0089597413714718,0.00499374840389091
10-Mar-1978,0.0163653540862642,0.00279608730200119,-0.0043092715880984,-0.000313676836328662
17-Mar-1978,0.0146915487429897,0.00588266315815551,-0.000500125041682243,0.00418992830531115
23-Mar-1978,-0.00742751582879658,0.0110388471152164,0.00508703904855721,0.00588354701231882
31-Mar-1978,-0.000800320170769155,0.0140015196358136,0.00776973726436069,0.0019966913856938
07-Apr-1978,0.0118297517535772,0.00677698427902367,-0.00541463270149884,0.00599377864350819
14-Apr-1978,0.0288789595503768,9.99950003332973e-05,-0.00863719339566359,-0.00253837646123056
21-Apr-1978,0.0132123314721349,-0.000900405243164155,-0.00722604509173958,-0.0050445400189917
28-Apr-1978,0.0217614917815127,-0.00250313021811848,-0.0118701725704874,0.00167906281059277
05-May-1978,0.00458945233380722,0.017839918128331,0.000199980002666245,0.019359364494872
12-May-1978,0.0160701801774945,0.0109399400383343,-0.0130852395486555,0.00219280296827681
19-May-1978,0.00349388925425584,0.0120273802127185,0.00209779808214612,-0.00530710989970438
26-May-1978,-0.0134905901824991,0.00369317183761761,0.00349388925425584,0.000288855070766486
02-Jun-1978,0.0143958802837323,-0.00120072057651888,-0.00330545700872648,0.009185335410258
09-Jun-1978,0.0193123110323729,0.0103462920541443,-0.00270365157431482,0.016470797337129
16-Jun-1978,-0.0210193672240755,0.0161685811615837,0.00229735904868346,0.00589383418770831
23-Jun-1978,-0.0188770557696892,-0.00591747376403762,0.00846407841212936,-0.000726692001247737
30-Jun-1978,-0.00571630699610919,-0.00370686193132651,-0.000200020002667045,-0.0037302264004995
07-Jul-1978,-0.00672254576082681,-0.0014009809156281,-0.00150112612626709,0.00269351912752066
14-Jul-1978,0.0252778071842686,-0.00591747376403762,-0.00571630699610919,0.0203406232122089
21-Jul-1978,0.0021975835434872,0.010742096531902,0.00329456694943011,0.00609093943237599
28-Jul-1978,0.021467906615241,0.000399920021326891,-0.00340579313483282,0.0109833381329433
04-Aug-1978,0.0378736524280815,-0.0145046862028817,-0.00712532494258863,0.00889121715228712
11-Aug-1978,0.00538547227633789,0.0213700257361925,-0.00190180728959633,0.00736929750917568
18-Aug-1978,0.0098513160503742,0.0154795708483864,-0.00170144663975757,0.000787507010327852
25-Aug-1978,0.00399202126953746,0.013705647056112,-0.000300045009001992,0.00816717947048894
01-Sep-1978,-0.0099493308536681,0.00856323066048781,0.00319489089651929,0.00448330714459432
08-Sep-1978,0.0270313390510305,-0.00170144663975757,-0.00451015547788602,0.00818855184537948
15-Sep-1978,-0.022961611637347,0.0132123314721349,0.00965325702813835,-0.0189467624068254
22-Sep-1978,-0.0278852034895357,-0.0158245503469715,0.00955421280481171,-0.0361810206329818
29-Sep-1978,0.00478851673179709,0.0017983819413794,0.00299550897979837,0.00215699705818654
06-Oct-1978,0.00826574441703259,-0.0021022080918702,0.00209779808214612,0.0072819905439058
13-Oct-1978,0.00846407841212936,0.00109939544330106,-0.00280392733273426,0.00548660357425944
20-Oct-1978,-0.0772050709089715,-0.0419684848225016,0.00915793778476572,-0.0688200883612592
27-Oct-1978,-0.048140375327935,-0.0408219945202552,0.00747201483870106,-0.0432268923566546
03-Nov-1978,0.0183309566847234,-0.00652121699026546,-0.0161293819298836,0.0359943952102119
10-Nov-1978,-0.013591953519467,0.00269636154774253,0.00329456694943011,-0.0091829301624394
17-Nov-1978,-0.00471107973011922,-0.0106565801885289,-0.00380723834295407,-0.00919133957433
24-Nov-1978,0.017938145131013,0.0128175037106143,-0.00662187630888697,0.0148681708460038
01-Dec-1978,0.00478851673179709,0.00309520490730252,-0.00471107973011922,0.0139370841461548
08-Dec-1978,0.00598207167754747,0.00965325702813835,0.00119928057548219,0.00937202128105173
15-Dec-1978,-0.0147076288722743,0.00209779808214612,0.00189819728308027,0.00748287096206424
22-Dec-1978,0.00568381646829771,-0.00762902716449116,-0.01197137178122,0.00413459794627247
29-Dec-1978,-0.00440970848870007,0.00588266315815551,-0.00591747376403762,0.00279011396920674
05-Jan-1979,0.0323703800304506,0.0126200313561022,0.00389241471534385,-0.00581472129306629
12-Jan-1979,0.00826574441703259,0.0103462920541443,-0.00290421314738983,0.00878062302580401
19-Jan-1979,-0.0021022080918702,0.0078689583786952,0.0101483310518151,-0.0033124516899804
26-Jan-1979,0.0185273046138836,-0.00451015547788602,0.00429078141715625,-0.00310381950997914
02-Feb-1979,-0.0202027073175195,0.0103462920541443,0.00637960696403899,-0.0041097955830809
09-Feb-1979,-0.0153167041118933,-0.00160128136697388,0.00647896609770907,-0.00883212401984307
16-Feb-1979,0.00826574441703259,0.00598207167754747,-0.00120072057651888,0.00207742924225061
23-Feb-1979,-0.0087380659432853,0.004489905272852,0.00329456694943011,-0.00511200712616102
02-Mar-1979,-0.0100503358535015,-0.00440970848870007,0.00359353551013022,-0.00574359690814579
09-Mar-1979,0.0252778071842686,-0.000200020002667045,0.00717420374800045,0.0111605827653893
16-Mar-1979,0.0120273802127185,0.00657831536012251,-0.00440970848870007,-0.00541212165827304
23-Mar-1979,0.00826574441703259,0.00776973726436069,-0.00461061255768329,0.00429314595967203
30-Mar-1979,0.000699755114273265,0.0125212805536717,-0.00410842804454319,0.00308627224059647
06-Apr-1979,0.0142973047008244,9.99950003332973e-05,0.000599820071967549,0.00548852957671838
12-Apr-1979,-0.0103534120794916,0.00836491633162767,0.00925702126267685,-0.00381053633720181
20-Apr-1979,-0.00833463679005763,0.00757126549631813,-0.000600180072032461,-0.0015029452935786
27-Apr-1979,0.00419120461846805,0.00628023795715046,0.00119928057548219,0.00898542786034297
04-May-1979,-0.0100503358535015,0.00419120461846805,0.000499875041650993,0.00128837696448925
11-May-1979,-0.0232686269393543,-0.0118701725704874,0.00628023795715046,-0.00924743299730328
18-May-1979,0.0133110140596724,-0.00160128136697388,0.00369317183761761,0.00339174410741713
25-May-1979,0.00767050630421974,0.0105442138756711,-0.0014009809156281,0.000394432348170669
01-Jun-1979,-0.0105555139395166,0.000499875041650993,0.00289580311202547,-0.00441059310265502
08-Jun-1979,0.0237165266173161,0.000899595242835994,0.00249688019858715,0.007176082582858
15-Jun-1979,0.00647896609770907,0.00598207167754747,0.00637960696403899,-0.0139471207404496
22-Jun-1979,0.00419120461846805,0.00518652668730015,0.00369317183761761,0.003793718943937
29-Jun-1979,0.00159872136369707,-0.00260338587011493,0.00249688019858715,0.0110809035994779
06-Jul-1979,0.00588266315815551,-0.00130084573304807,0.00588266315815551,0.00307810585202019
13-Jul-1979,-0.0124775215111126,0.0081665626663934,0.00995033085316809,-0.0123509114385332
20-Jul-1979,-0.00631992874481935,-0.000100005000333347,0.00289580311202547,0.000690891074139888
27-Jul-1979,0.0129162252665462,0.00518652668730015,-0.00180162194662821,0.000896904639682262
03-Aug-1979,0.0101483310518151,0.00687630393943206,-0.00350613932928759,-0.0183385904820874
10-Aug-1979,0.0218593343528935,-0.0014009809156281,-0.0127813343647332,-0.0196450130864673
17-Aug-1979,0.0171520588175657,0.0017983819413794,0.000599820071967549,0.000655510598070794
24-Aug-1979,0.00339423306801562,0.00518652668730015,0.00369317183761761,0.0125749590133116
31-Aug-1979,0.00707491367196198,0.00727348396649847,-0.00380723834295407,0.00159499636747127
07-Sep-1979,-0.0168410171960266,-0.00491204436102064,0.00628023795715046,0.0148374652158862
14-Sep-1979,0.0105442138756711,0.00628023795715046,-0.00944445882799969,0.0130659484205636
21-Sep-1979,0.00965325702813835,-0.0111620647061919,-0.00501254182354429,0.0193205518746551
28-Sep-1979,-0.0114654781092781,0.00747201483870106,-0.000900405243164155,0.0055873050804184
05-Oct-1979,0.0169554406494134,0.00379279823869626,-0.00501254182354429,0.0179557027030287
12-Oct-1979,-0.0705297661905273,-0.0251127008150753,-0.00380723834295407,-0.0174748948687875
19-Oct-1979,-0.0310779555708614,-0.00380723834295407,0.00339423306801562,0.00900002366626097
26-Oct-1979,-0.0132878943269354,-0.0108587433348759,-0.00793137032628028,0.0030647464880526
02-Nov-1979,0.0220549907808313,0.00209779808214612,-0.0100503358535015,0.0273004229749878
09-Nov-1979,-0.00803217169726427,0.00189819728308027,-0.00200200267067308,0.007660260401879
16-Nov-1979,0.02244618882983,-0.000400080021339691,-0.00843547882110158,0.0360305908901579
23-Nov-1979,0.00707491367196198,0.00339423306801562,-0.0110609473594249,0.0248018271263033
30-Nov-1979,0.0187236139981025,0.0197045832743354,-0.00551518068811011,-0.016797214193067
07-Dec-1979,0.0136070034062169,0.0110388471152164,-0.00883894866720439,0.00846696627097394
14-Dec-1979,0.0125212805536717,0.00767050630421974,-0.0120725812342692,0.0270144908509368
21-Dec-1979,-0.0110609473594249,0.0134096869099177,0.00239712459972145,0.00325394616409095
28-Dec-1979,0.0017983819413794,0.00518652668730015,9.99950003332973e-05,0.00247337614431405
04-Jan-1980,-0.0148091156537082,0.00139902091370741,0.00925702126267685,-0.0108347420129523
11-Jan-1980,0.0344014267173323,0.0109399400383343,-0.0021022080918702,0.0116815381505706
18-Jan-1980,0.00846407841212936,0.0113355096637457,0.00836491633162767,0.0220411970315186
25-Jan-1980,0.0194103935198234,-0.00390762483101708,-0.00240288461631031,0.0253771584887568
01-Feb-1980,0.0117309228756987,-0.0043092715880984,0.00329456694943011,0.0289403263827132
08-Feb-1980,0.0226417304808246,-0.0116678048676821,0.0131136391453832,0.0461376015830283
15-Feb-1980,-0.0223478636639076,0.00568381646829771,-0.00662187630888697,-0.0222828428134611
22-Feb-1980,-0.00772979806194127,-0.00984833605481441,0.000899595242835994,0.0400709434671826
29-Feb-1980,-0.0117689835999989,-0.000500125041682243,-0.00180162194662821,0.0039962826342126
07-Mar-1980,-0.0684929964453004,-0.0129839275582948,0.000699755114273265,-0.0285531342101003
14-Mar-1980,-0.0164343064634248,-0.00672254576082681,-0.00200200267067308,-0.0309119769235097
21-Mar-1980,-0.0343844268618308,-0.00883894866720439,0.00239712459972145,-0.0132600672843157
28-Mar-1980,-0.0328331570952402,-0.0479305337575499,-0.0107576566529602,-0.0413049009039543
03-Apr-1980,0.0212721352755398,0.0181345701954827,-0.00451015547788602,0.00485948453162841
11-Apr-1980,0.0138042809763971,-0.00400802139753882,0.0129162252665462,0.00543562921817437
18-Apr-1980,-0.0334533762592196,0.00528600442923744,0.0119285708652738,-0.0254256921958095
25-Apr-1980,0.0406619817188897,-0.0124775215111126,-0.0145046862028817,0.0166449923360312
02-May-1980,0.00528600442923744,0.00737275432941316,0.00598207167754747,-0.00401314630465552
09-May-1980,-0.0014009809156281,0.0182327682610597,0.0115332358136731,-0.0272083751957789
16-May-1980,0.0238141780992549,0.00677698427902367,-0.0113643300790498,-0.00362213418282748
23-May-1980,0.0285874568519125,-0.00642056780292269,-0.00340579313483282,0.00918081752743125
30-May-1980,0.00429078141715625,-0.00340579313483282,0.00189819728308027,0.0102746579061891
06-Jun-1980,0.0182327682610597,0.00249688019858715,-0.00944445882799969,0.0132763228390713
13-Jun-1980,0.0228372339027571,-0.00340579313483282,-0.00420884477405468,-9.62200102890796e-05
20-Jun-1980,-0.0134905901824991,0.0081665626663934,0.00776973726436069,-0.00392760764899019
27-Jun-1980,0.0168571170664228,0.00239712459972145,-0.00481155699722208,0.00976457566401839
03-Jul-1980,0.0108410231778748,0.00399202126953746,-0.0106565801885289,0.00136649209631084
11-Jul-1980,0.00528600442923744,0.0132123314721349,-0.00551518068811011,-0.00753229338465324
18-Jul-1980,0.0317893224894073,0.00905884448834615,-0.0205088766315404,0.00227679531676577
25-Jul-1980,-0.00964637705180545,0.0098513160503742,-0.00280392733273426,0.00738551536552169
01-Aug-1980,0.00687630393943206,0.0176434351725953,-0.016739324004298,-0.01525710867743
08-Aug-1980,0.0199986865066891,0.00259662584726591,-0.0116678048676821,0.00318770104796451
15-Aug-1980,0.0176434351725953,0.00568381646829771,-0.0102523764643514,0.00458118006119275
22-Aug-1980,0.00608147031586795,0.00309520490730252,-0.00410842804454319,0.0238976296382154
29-Aug-1980,-0.0244976316004002,0.0162669724638719,0.00399202126953746,0.00158333977019943
05-Sep-1980,0.0215657779145606,0.00568381646829771,-0.00461061255768329,0.0109833856074487
12-Sep-1980,0.00717420374800045,0.0205866336083883,-0.019080887812792,0.0142619167606976
19-Sep-1980,0.026934001240081,0.00149887612373595,-0.0268574541698826,0.0137520620745319
26-Sep-1980,-0.0254203773469112,-0.0118701725704874,0.000299955008997942,0.0131788830244989
03-Oct-1980,0.0213700257361925,-0.00813298323018899,-0.0258307600345215,0.0325919653452304
10-Oct-1980,0.00856323066048781,0.0141987193998129,-0.00954541284353139,0.0148320258751354
17-Oct-1980,0.00458945233380722,-0.00330545700872648,-0.00250313021811848,0.01372364327131
24-Oct-1980,-0.0146061523893621,0.00697561373642514,0.00955421280481171,0.00120298255142442
31-Oct-1980,-0.02081513971392,0.00548493023056975,0.000599820071967549,-0.0057976411343664
07-Nov-1980,0.0106431600984798,-0.0102523764643514,-0.0209172482553883,0.0199431972669162
14-Nov-1980,0.0576083126203133,-0.0175531592475892,-0.0329365002462648,0.0564527816018556
21-Nov-1980,0.0142973047008244,-0.00150112612626709,-0.0243951568347216,0.0411884976814097
28-Nov-1980,0.00856323066048781,-0.00310481495347876,-0.000200020002667045,0.0278790781044995
05-Dec-1980,-0.0470916075338506,0.0219571673520421,0.00905884448834615,-0.0303588800225015
12-Dec-1980,-0.0440563861969199,-0.0261386576096948,0.0210763256019163,-0.0231868781646248
19-Dec-1980,0.0328543368709473,-0.00974735145488007,0.00598207167754747,0.00599173581432978
26-Dec-1980,0.0167587838149546,0.00229735904868346,0.00109939544330106,-0.0205934818268314
02-Jan-1981,-0.000300045009001992,0.0119285708652738,-0.00290421314738983,-0.00403991714933635
09-Jan-1981,-0.0271656680727696,0.000599820071967549,0.0366211834556454,-0.0621662921025848
16-Jan-1981,0.0094551587707552,0.00727348396649847,-0.00400802139753882,0.0205215852468874
23-Jan-1981,-0.0342809339768742,0.0158733491562902,0.00965325702813835,-0.0161366065076481
30-Jan-1981,-0.00541463270149884,0.00419120461846805,0.0175451792157489,-0.0134742664218289
06-Feb-1981,0.00737275432941316,-0.00310481495347876,0.00548493023056975,-0.00394215462606752
13-Feb-1981,-0.0282965991551138,0.0120273802127185,0.0158733491562902,-0.00530884822935693
20-Feb-1981,-0.00843547882110158,-0.00652121699026546,0.00478851673179709,8.50055776149217e-05
27-Feb-1981,0.0352706140819193,-0.00662187630888697,-0.017756721589259,0.0179532027408733
06-Mar-1981,-0.00813298323018899,0.0186254641231648,0.0066776547532405,0.00435648158440676
13-Mar-1981,0.021467906615241,-0.0105555139395166,0.00329456694943011,-0.00581130060372852
20-Mar-1981,0.00886062843219647,0.0167587838149546,0.0132123314721349,-0.00742109641440766
27-Mar-1981,0.004489905272852,0.00757126549631813,-0.0154182527283806,0.0168642865109276
03-Apr-1981,0.00657831536012251,0.0126200313561022,0.0021975835434872,0.001083865259651
10-Apr-1981,-0.00440970848870007,0.0142973047008244,0.00935609492402503,0.00118478263072205
16-Apr-1981,-0.00230264906267556,0.00876150566857267,0.00229735904868346,0.00013976880947484
24-Apr-1981,0.0017983819413794,0.0119285708652738,0.00239712459972145,-0.0026100552538603
01-May-1981,-0.0188770557696892,-0.00180162194662821,0.000999500333083423,-0.00701427100413033
08-May-1981,-0.00772979806194127,-0.00652121699026546,-0.00541463270149884,0.000455082063966157
15-May-1981,0.00349388925425584,0.000999500333083423,0.0120273802127185,0.00488380131471796
22-May-1981,-0.00180162194662821,0.0133110140596724,-0.00702461493696447,0.0198566574524686
29-May-1981,0.00836491633162767,0.0114343776256632,0.000399920021326891,0.0191226759100034
05-Jun-1981,-0.00762902716449116,9.99950003332973e-05,0.00905884448834615,-0.0124264014423719
12-Jun-1981,0.0081665626663934,-0.001100605444033,0.0177416814761571,-0.00732640686453316
19-Jun-1981,-0.0130852395486555,-0.00360649559411174,0.0209784063851918,-0.0282969412126377
26-Jun-1981,9.99950003332973e-05,-0.000700245114393426,-0.000200020002667045,-0.00270958193264949
02-Jul-1981,-0.0335567835288428,0.00229735904868346,0.00796816964917688,-0.0178444062096237
10-Jul-1981,9.99950003332973e-05,-0.013591953519467,9.99950003332973e-05,-0.0288539621624267
17-Jul-1981,0.0078689583786952,-0.00200200267067308,-0.00904074465214907,-0.00183051531096885
24-Jul-1981,-0.0211214966221114,-0.00591747376403762,0.00309520490730252,-0.000807135342587746
31-Jul-1981,0.0156764793850076,-0.00451015547788602,-0.00611868100817718,0.00249508786271365
07-Aug-1981,0.00757126549631813,-0.00964637705180545,-0.0021022080918702,0.00309196100262165
14-Aug-1981,0.00289580311202547,-0.00410842804454319,0.000799680170564244,-0.00390840437128925
21-Aug-1981,-0.0286052570103344,0.00239712459972145,0.0162669724638719,0.0004856236504876
28-Aug-1981,-0.0436384570298295,-0.00954541284353139,0.0261549574768512,-0.00350243765318825
04-Sep-1981,-0.0375980304153185,-0.000500125041682243,0.0211742352314066,-0.00771438449853885
11-Sep-1981,0.0081665626663934,-0.0116678048676821,-0.000700245114393426,-0.00271807277903689
18-Sep-1981,-0.0466724081984307,0.00767050630421974,0.0340148785872776,0.00818909257580761
25-Sep-1981,-0.0406136828852971,-0.022961611637347,0.0336281809799841,0.0176535851190733
02-Oct-1981,0.0562858110105919,-0.000900405243164155,-0.0525572507386761,-0.00732122708035713
09-Oct-1981,0.0204886664273156,0.019018005835762,-0.0180621428184085,-0.000540534674192074
16-Oct-1981,-0.0186732652656213,0.0120273802127185,0.0131136391453832,0.0234223808257979
23-Oct-1981,-0.00591747376403762,0.00359353551013022,-0.00702461493696447,0.0114645627603108
30-Oct-1981,0.0243022925229648,-0.0126800531573745,-0.0105555139395166,-0.000127108968040306
06-Nov-1981,0.0122249696225689,0.00727348396649847,-0.00260338587011493,-0.0050667601851418
13-Nov-1981,-0.00904074465214907,0.00259662584726591,0.0341115296287678,0.0193557830076554
20-Nov-1981,0.000299955008997942,-0.0113643300790498,0.004489905272852,0.00176748851916751
27-Nov-1981,0.0208804775793551,-0.00571630699610919,-0.0100503358535015,-0.0133301770482742
04-Dec-1981,0.00498754151103897,-0.00160128136697388,-0.00752826642079152,-0.0132481701520172
11-Dec-1981,-0.0124775215111126,0.00159872136369707,0,0.00147367146006165
18-Dec-1981,-0.00924258136693254,0.00309520490730252,-0.00581688532156485,0.000472670818027608
24-Dec-1981,-0.0110609473594249,0.00429078141715625,0.0081665626663934,0.00537375298036641
31-Dec-1981,-0.00240288461631031,0.0017983819413794,0.00399202126953746,0.00568300521542514
08-Jan-1982,-0.0252152491410638,0.00796816964917688,0.0284902703996274,0.00515427249785052
15-Jan-1982,-0.0311811174835747,0.000499875041650993,0.0102473164515495,0.00765940466702493
22-Jan-1982,-0.0106565801885289,-0.000900405243164155,0.0146915487429897,0.0157433193993672
29-Jan-1982,0.0339182182034606,-0.0213257867147524,-0.0237805286654034,-0.0137792572884952
05-Feb-1982,-0.0189789665978029,0.0167587838149546,0.0127187724077746,0.0204251161334741
12-Feb-1982,-0.0271656680727696,-0.00561573878563575,0.026934001240081,0.0142889124356685
19-Feb-1982,-0.010959840236342,0.000399920021326891,-0.00290421314738983,0.0143520693151275
26-Feb-1982,-0.00280392733273426,-0.00521356705288743,0.0244974716003874,0.00817750130203157
05-Mar-1982,-0.0349020520092649,-0.00541463270149884,0.0624112601213971,0.0482783635804274
12-Mar-1982,-0.0137947110221893,-0.0147076288722743,0.0187236139981025,-0.00290465821818108
19-Mar-1982,0.016463726030665,0.00329456694943011,-0.0272684271541938,-0.01965502087819
26-Mar-1982,0.0138042809763971,0.0110388471152164,-0.0202027073175195,-0.0110043166642159
02-Apr-1982,0.0228372339027571,-0.00360649559411174,-0.02408779552909,-0.0130003605438164
08-Apr-1982,0.00836491633162767,0.00458945233380722,-0.0087380659432853,-0.00241092698354662
16-Apr-1982,0.00389241471534385,0.00289580311202547,-0.00130084573304807,0.0100613334705455
23-Apr-1982,0.0121261797978406,-0.000200020002667045,0.000799680170564244,0.000703868306081178
30-Apr-1982,-0.0185713855854353,0.015085637418041,0.000699755114273265,0.00646727464553836
07-May-1982,0.0248877155077789,-0.010959840236342,-0.00300450902029872,-0.0109945121183952
14-May-1982,-0.0103534120794916,0.0094551587707552,-0.00150112612626709,-0.0123452757395913
21-May-1982,-0.0295318026060379,-0.00200200267067308,0.0158733491562902,0.0267185473889209
28-May-1982,-0.0250101630041678,0.00478851673179709,0.00598207167754747,0.0196312444492137
04-Jun-1982,-0.0189789665978029,-0.000200020002667045,0.0066776547532405,0.0184494033281995
11-Jun-1982,0.00588266315815551,-0.0115666363714654,-0.00190180728959633,0.00506219664454278
18-Jun-1982,-0.0370790082414207,0.00846407841212936,0.0208804775793551,0.0305059998077285
25-Jun-1982,0.0141001243787816,0,-0.0184695162836613,-0.00496397529378773
02-Jul-1982,-0.0121738009317088,0.00687630393943206,0.0113355096637457,0.0100718334030476
09-Jul-1982,0.00399202126953746,-0.00964637705180545,-0.00230264906267556,0.0081791373083757
16-Jul-1982,0.0158733491562902,-0.00803217169726427,-0.0144032303107437,0.0264928595056064
23-Jul-1982,-0.000400080021339691,0.0097522914426783,0.00149887612373595,-0.00411844840841618
30-Jul-1982,-0.0370790082414207,0.00727348396649847,0.00598207167754747,0.0193414434789139
06-Aug-1982,-0.0278852034895357,0.00578324475572736,0.0275178860367393,0.0125393613337704
13-Aug-1982,-0.00531409482376877,-0.0271656680727696,0.0260575343192896,0.0115663955704165
20-Aug-1982,0.0778865386570712,-0.0286052570103344,0.000499875041650993,-0.00428540128897713
27-Aug-1982,0.0425804475351185,0.016463726030665,-0.0400930935664442,-0.052716852834868
03-Sep-1982,0.0424846116061554,-0.0148091156537082,-0.0150121201205036,0.00541024007189335
10-Sep-1982,-0.0104544579038589,0.017938145131013,0.00329456694943011,-0.0081541873749955
17-Sep-1982,0.0133110140596724,0.00239712459972145,-0.00853633102228634,0.0128789845774839
24-Sep-1982,0.00628023795715046,0.00119928057548219,0.000499875041650993,0.0157538141676483
01-Oct-1982,-0.0104544579038589,0.0061808590750811,0.013705647056112,0.016863666004187
08-Oct-1982,0.0676586484738149,-0.0225524044705115,-0.0136933271320026,0.023536314218574
15-Oct-1982,0.0200967016991224,0.020390689647734,-0.00722604509173958,-0.0711946201807255
22-Oct-1982,0.0389322100017875,0.00737275432941316,-0.0189789665978029,0.00298385710481158
29-Oct-1982,-0.0314906670913708,0.0199006617063362,0.00568381646829771,0.0293712340150048
05-Nov-1982,0.062880898039201,0.00159872136369707,-0.00914165791728339,0.000577688025649374
12-Nov-1982,-0.00944445882799969,0.0359461267734691,-0.0043092715880984,0.013456476438182
19-Nov-1982,-0.017349638335113,0.00637960696403899,0.00796816964917688,0.0191431272663217
26-Nov-1982,-0.0139975096438537,0.0113355096637457,-0.000200020002667045,0.0152328242124096
03-Dec-1982,0.0253753063312283,0.00159872136369707,-0.0198966317144566,0.031692081280942
10-Dec-1982,0.00139902091370741,-0.00420884477405468,-0.00521356705288743,-0.0293254760095806
17-Dec-1982,-0.0186732652656213,-0.00904074465214907,0.0122249696225689,0.00902821540991188
23-Dec-1982,0.0131136391453832,-0.00240288461631031,-0.00420884477405468,0.0118389102366887
31-Dec-1982,0.00628023795715046,0.00239712459972145,0.00229735904868346,-0.0156282074975844
07-Jan-1983,0.0303351997960729,9.99950003332973e-05,0.0066776547532405,-0.0493307889958519
14-Jan-1983,0.0129162252665462,0.0155780299633185,-0.00551518068811011,-0.000133206389625362
21-Jan-1983,-0.017756721589259,0.00776973726436069,0.000899595242835994,-0.0208408675585902
28-Jan-1983,0.00359353551013022,0.00329456694943011,-0.0069239150728242,0.0416600902979821
04-Feb-1983,0.0141987193998129,0.00508703904855721,0.00369317183761761,0.00947865113240833
11-Feb-1983,0.0108410231778748,0.0129162252665462,-0.00380723834295407,-0.00280578148657178
18-Feb-1983,0.00508703904855721,0.0115332358136731,-0.00883894866720439,0.00609004926449141
25-Feb-1983,0.0110388471152164,-0.00843547882110158,0.00637960696403899,0.011118827103297
04-Mar-1983,0.022934971282496,-0.00270365157431482,0.0139029051689914,-0.0041704775736695
11-Mar-1983,-0.0132878943269354,0.0187236139981025,0.0081665626663934,-0.00603085639070959
18-Mar-1983,-0.0102523764643514,0.00389241471534385,0.0103462920541443,0.0174346832599048
25-Mar-1983,0.017839918128331,0.00429078141715625,-0.00440970848870007,0.012873657789021
31-Mar-1983,-0.000500125041682243,-0.000200020002667045,-0.00370686193132651,-0.0186796113090687
08-Apr-1983,-0.0043092715880984,-0.00340579313483282,0.015085637418041,-0.00212589488629621
15-Apr-1983,0.0373921192170627,0.00548493023056975,-0.0110609473594249,0.0301960748335007
22-Apr-1983,0.0106431600984798,0.0105442138756711,0.000699755114273265,0.00907179975902389
29-Apr-1983,0.0204886664273156,-0.00672254576082681,0.000699755114273265,-0.0218559035872453
06-May-1983,0.0153811020383024,0.016463726030665,-0.00270365157431482,0.007294051198988
13-May-1983,-0.00280392733273426,0.0207825391825284,0.000199980002666245,-0.00793853992082767
20-May-1983,-0.0133892371190161,0.0089597413714718,-0.00631992874481935,-0.0193545023361049
27-May-1983,0.017938145131013,0.0105442138756711,-0.00742751582879658,0.00506565258000337
03-Jun-1983,-0.000600180072032461,0.00637960696403899,-0.00914165791728339,0.00993816321793073
10-Jun-1983,-0.00601807232556302,0.0143958802837323,-0.00682322534812554,0.017957459484757
17-Jun-1983,0.0344014267173323,-0.00180162194662821,-0.0124775215111126,0.0126285004493327
24-Jun-1983,0.00727348396649847,0.0021975835434872,-0.0142003494011414,-0.00470945015571623
01-Jul-1983,-0.0124775215111126,-0.00270365157431482,0.00886062843219647,-0.0184590836323572
08-Jul-1983,-0.0111620647061919,0.00846407841212936,0.00995033085316809,-0.0178777143632019
15-Jul-1983,-0.019692633345736,0.00299550897979837,0.0192142189238044,-0.010853802307994
22-Jul-1983,0.0238141780992549,-0.00662187630888697,-0.0101513510563754,0.0210880454767176
29-Jul-1983,-0.0405095433382099,0.00677698427902367,0.0357531697058178,-0.0315097182598308
05-Aug-1983,-0.0103534120794916,-0.0171461588349705,0.0136070034062169,-0.0249043515517322
12-Aug-1983,0.00159872136369707,-0.00964637705180545,0.00925702126267685,-0.00604983577997282
19-Aug-1983,0.00697561373642514,-0.00360649559411174,0.0158733491562902,-0.0116473065588894
26-Aug-1983,-0.0158245503469715,-0.0043092715880984,0.0216636396360264,-0.0230337490584862
02-Sep-1983,0.0171520588175657,-0.00390762483101708,-0.013591953519467,0.0187563761658999
09-Sep-1983,0.0131136391453832,0.00409161790325356,0.00528600442923744,0.00147152722155033
16-Sep-1983,-0.00813298323018899,-0.000200020002667045,0.00747201483870106,-0.00612839494712284
23-Sep-1983,0.0187236139981025,-0.00682322534812554,-0.00360649559411174,0.00457743218678458
30-Sep-1983,-0.0212236364516267,0.004489905272852,0.00776973726436069,-0.0131315110180642
07-Oct-1983,0.0217614917815127,-0.0216323001271138,-0.0108587433348759,-3.9131564916868e-05
14-Oct-1983,-0.0112631922787107,-0.00501254182354429,0.0211742352314066,-0.0124248253743511
21-Oct-1983,-0.0288110818541196,-0.00200200267067308,0.0274205955759922,-0.0105350091192904
28-Oct-1983,-0.0159261505502593,-0.00471107973011922,0.00528600442923744,0.000583043994584591
04-Nov-1983,-0.00561573878563575,-0.00451015547788602,0.00905884448834615,-0.0112221220677691
11-Nov-1983,0.019508466388043,-0.0089398415694743,-0.0111620647061919,0.00497288271552348
18-Nov-1983,-0.00130084573304807,0.0194103935198234,-0.0106565801885289,-0.000707948531989153
25-Nov-1983,0.010742096531902,-0.000400080021339691,0.0134096869099177,-0.00340896001297762
02-Dec-1983,-0.0100503358535015,0.0124225199985571,0.00707491367196198,0.00268460356321368
09-Dec-1983,-0.00481155699722208,-0.0021022080918702,0.00757126549631813,0.00249572777318215
16-Dec-1983,-0.0181639706276712,0.00349388925425584,0.00578324475572736,-0.00670754651948071
23-Dec-1983,0.00189819728308027,-0.00390762483101708,-0.00561573878563575,-0.002609417923533
30-Dec-1983,0.00846407841212936,-0.00320513094894834,0.0021975835434872,-0.00250556878109177
06-Jan-1984,0.0261549574768512,0.00149887612373595,-0.00340579313483282,-0.0105363959190585
13-Jan-1984,-0.0117689835999989,0.0134096869099177,0.0199006617063362,-0.00090598865726291
20-Jan-1984,-0.0087380659432853,0.00359353551013022,0.00846407841212936,-0.00941144003875383
27-Jan-1984,-0.0192847614118671,-0.00974735145488007,0.0346912397899303,-0.00510854075163894
03-Feb-1984,-0.0228592941460826,-0.0101513510563754,0.021467906615241,-0.0079111624105985
10-Feb-1984,-0.0332465937936357,-0.0128826258310137,0.010742096531902,-0.00101530358075033
17-Feb-1984,-0.00682322534812554,-0.00370686193132651,0.0061808590750811,0.0110822271529954
24-Feb-1984,0.00647896609770907,-0.0113643300790498,-0.00130084573304807,-0.00161839752907943
02-Mar-1984,0.0129162252665462,0.00598207167754747,0.00965325702813835,0.00897495840077085
09-Mar-1984,-0.030871663667087,0.0141001243787816,0.0141987193998129,0.00229764620388595
16-Mar-1984,0.0275178860367393,-0.0100503358535015,-0.0220411308768803,-0.0100245061026936
23-Mar-1984,-0.016942720730312,0.00796816964917688,0.0119285708652738,0.0183553924967986
30-Mar-1984,0.0124225199985571,-0.0105555139395166,0.00109939544330106,0.000185621864896893
06-Apr-1984,-0.0266520309974265,0.000399920021326891,0.0183309566847234,0.0127740946751198
13-Apr-1984,0.00796816964917688,-0.00984833605481441,0.00139902091370741,0.00388658896539261
19-Apr-1984,0.00279608730200119,0.00109939544330106,-0.00410842804454319,0.000397539046712785
27-Apr-1984,0.00965325702813835,-0.00471107973011922,-0.00300450902029872,-0.00191656421951969
04-May-1984,0.00109939544330106,0.0126200313561022,-0.0043092715880984,-0.0120996283767331
11-May-1984,-0.00461061255768329,-0.00220242355520004,0.000399920021326891,0.00848033041938248
18-May-1984,-0.0214279474136204,-0.000800320170769155,0.00776973726436069,0.0194512943340866
25-May-1984,-0.0300469213522966,-0.00853633102228634,0.00588266315815551,0.0128659669762909
01-Jun-1984,0.0094551587707552,-0.00531409482376877,-0.0144032303107437,-0.00686148709325816
08-Jun-1984,0.0124225199985571,0.00478851673179709,-0.0122750308756126,0.00157327241952689
15-Jun-1984,-0.0335567835288428,0.0140015196358136,0.00409161790325356,0.00856291170790913
22-Jun-1984,0.0296558849075107,-0.0215301185503632,-0.0197946273281795,-0.018240845723144
29-Jun-1984,-0.00732677538646086,0.00389241471534385,0.00727348396649847,0.0126614754715095
06-Jul-1984,-0.00783057911518856,-0.000200020002667045,0.00806737107775879,0.0152583610220325
13-Jul-1984,-0.0111620647061919,0.000899595242835994,0.00955421280481171,0.0118728222926115
20-Jul-1984,-0.0133892371190161,-0.00541463270149884,0.0176434351725953,0.0262091175015375
27-Jul-1984,0.0061808590750811,-0.0201006717070029,-0.0201006717070029,-0.00588237003984532
03-Aug-1984,0.0694327747153368,-0.0116678048676821,-0.0577350506512384,-0.0628374048086213
10-Aug-1984,0.0204886664273156,0.000299955008997942,0.00359353551013022,-0.00220426478330174
17-Aug-1984,-0.00904074465214907,0.00608147031586795,0.00935609492402503,0.0100726042083728
24-Aug-1984,0.0169554406494134,-0.00360649559411174,0.00588266315815551,-0.00423385527195228
31-Aug-1984,-0.00410842804454319,0.00737275432941316,0.00717420374800045,-0.00312075161608398
07-Sep-1984,-0.0125787822068601,0.00628023795715046,0.00925702126267685,0.0134697709893823
14-Sep-1984,0.0221528046411333,-0.0118701725704874,0.000699755114273265,-0.00492496219698573
21-Sep-1984,-0.0156213809029568,0.0136070034062169,0.02244618882983,0.0133672121041235
28-Sep-1984,-0.00200200267067308,-0.0069239150728242,0.0199986865066891,0.010485198732545
05-Oct-1984,-0.0220411308768803,0.00677698427902367,0.0141001243787816,0.00668936362860479
12-Oct-1984,0.00687630393943206,-0.00783057911518856,0.00289580311202547,0.00918549820059556
19-Oct-1984,0.020390689647734,-0.00611868100817718,-0.0247026126403718,-0.00253950307510636
26-Oct-1984,-0.0180621428184085,0.00309520490730252,0.0129162252665462,0.0163616145935971
02-Nov-1984,0.0109399400383343,-0.0112631922787107,0.00508703904855721,0.00339224632407661
09-Nov-1984,0.0021975835434872,0.00349388925425584,0.0102473164515495,-0.00462407986995474
16-Nov-1984,-0.0211214966221114,0.00229735904868346,0.00836491633162767,0.01815325105136
23-Nov-1984,0.011137744410456,-0.0152151658064804,0.00239712459972145,-0.00151607301442417
30-Nov-1984,-0.0182658088068925,0.00578324475572736,0.0145930023029001,0.0145732840195498
07-Dec-1984,-0.0099493308536681,-0.00601807232556302,0.0120273802127185,0.0138603781275041
14-Dec-1984,0.00249688019858715,-0.00100050033358353,-0.00631992874481935,0.00148723203263852
21-Dec-1984,0.017839918128331,-0.00240288461631031,-0.00772979806194127,0.00250309131715401
28-Dec-1984,0.00289580311202547,0.00289580311202547,0.00229735904868346,-0.00472833889714712
04-Jan-1985,-0.0126800531573745,0.0170537545658276,0.000199980002666245,-0.00810878844724886
11-Jan-1985,0.0243022925229648,-0.00330545700872648,-0.00904074465214907,-0.0204792249527857
18-Jan-1985,0.0223484036637618,0.0144944461504525,-0.0136933271320026,-0.0211823099799442
25-Jan-1985,0.0334347760862374,-0.00290421314738983,-0.0253178079842899,-0.0114600256591862
01-Feb-1985,0.00826574441703259,0.00876150566857267,-0.000400080021339691,-0.00680946303620408
08-Feb-1985,0.0239118200463129,0.00757126549631813,-0.0103534120794916,-0.0086163452234017
15-Feb-1985,-0.00230264906267556,0.00687630393943206,0.00717420374800045,0.00877423747102019
22-Feb-1985,-0.0108587433348759,0.00249688019858715,0.00309520490730252,-0.000707618267723247
01-Mar-1985,0.0161685811615837,-0.0148091156537082,-0.00793137032628028,0.00998215652360108
08-Mar-1985,-0.0212236364516267,0.0118297517535772,0.0192142189238044,0.00479498750985691
15-Mar-1985,-0.0138961051921114,0.000599820071967549,0.0133110140596724,0.00988929168982495
22-Mar-1985,0.00806737107775879,-0.0152151658064804,0.000199980002666245,0.00578500354455961
29-Mar-1985,0.00806737107775879,-0.00672254576082681,0.0109399400383343,-0.00540844482458585
04-Apr-1985,-0.00964637705180545,0.00299550897979837,0.00925702126267685,0.00568893076356241
12-Apr-1985,0.00757126549631813,-0.000900405243164155,0.00478851673179709,0.00939034428806804
19-Apr-1985,0.00189819728308027,0.000699755114273265,0.00528600442923744,0.00698677010075574
26-Apr-1985,0.00349388925425584,-0.00390762483101708,0.00588266315815551,0.0109821503734286
03-May-1985,-0.0131865618041756,-0.00170144663975757,0.0186254641231648,-0.000507620875559711
10-May-1985,0.0244974716003874,-0.00461061255768329,-0.0138961051921114,0.0121827663933365
17-May-1985,0.0155780299633185,-0.00461061255768329,-0.000100005000333347,0.014672801343074
24-May-1985,0.00359353551013022,-0.00320513094894834,-0.00471107973011922,0.00539580437860529
31-May-1985,0.004489905272852,-0.00511304938682301,0.00319489089651929,0.0120684449211896
07-Jun-1985,0.00309520490730252,0.00129915573162013,-0.00471107973011922,0.0188460053844065
14-Jun-1985,-0.0134905901824991,0.00369317183761761,0.0215657779145606,0.00798175184187599
21-Jun-1985,0.00886062843219647,-0.00581688532156485,0.00508703904855721,0.0101623877005948
28-Jun-1985,0.0141987193998129,0.00488803407277587,-0.018775155326334,-0.00771795964472715
05-Jul-1985,0.004489905272852,0.00637960696403899,0.00239712459972145,0.00169167028770187
12-Jul-1985,0.00429078141715625,0.00488803407277587,0.004489905272852,0.0110735907056747
19-Jul-1985,0.00915793778476572,0.0132123314721349,-0.00964637705180545,-0.0179605624970086
26-Jul-1985,-0.0174513936137559,0.00747201483870106,-0.0139975096438537,-0.0330304153828592
02-Aug-1985,-0.00420884477405468,0.00169855663558151,-0.00280392733273426,-0.00100392558496135
09-Aug-1985,-0.0157229604652362,-0.00541463270149884,0.00826574441703259,0.00687627549196043
16-Aug-1985,-0.0107576566529602,0.000999500333083423,0.00935609492402503,0.00909030033926338
23-Aug-1985,0.00359353551013022,-0.00190180728959633,0.00647896609770907,0.00608732442650389
30-Aug-1985,0.00767050630421974,-0.00130084573304807,0.00229735904868346,0.000193117167752262
06-Sep-1985,-0.00420884477405468,-0.00360649559411174,-0.00100050033358353,0.00459171086289858
13-Sep-1985,-0.0309748042994305,-0.00280392733273426,0.00159872136369707,-0.00220743870850615
20-Sep-1985,-0.00561573878563575,-0.00300450902029872,0.00409161790325356,0.00797805340347045
26-Sep-1985,-0.00833463679005763,-0.00420884477405468,0.00727348396649847,0.00437294437894942
04-Oct-1985,0.00796816964917688,-0.00571630699610919,0.0161685811615837,0.0101859429429573
11-Oct-1985,0.00518652668730015,-0.00400802139753882,-0.00170144663975757,0.0152729637344362
18-Oct-1985,0.015085637418041,-0.000900405243164155,-0.0134905901824991,0.00977799477445349
25-Oct-1985,0.00139902091370741,-0.00190180728959633,0.00508703904855721,0.00588982489052793
01-Nov-1985,0.0185273046138836,-0.00883894866720439,0.000599820071967549,0.010387073517639
08-Nov-1985,0.015282623531157,0.0021975835434872,-0.00631992874481935,-0.00100933032564899
15-Nov-1985,0.0205866336083883,-0.00220242355520004,-0.00481155699722208,-0.00390514169357724
22-Nov-1985,0.0157749191153622,0.00159872136369707,-0.00712532494258863,-0.00392234622933361
29-Nov-1985,0.00339423306801562,0.00339423306801562,-0.00722604509173958,-0.000908441410723495
06-Dec-1985,0.00349388925425584,0.00498754151103897,-0.00793137032628028,-0.00160891382902904
13-Dec-1985,0.0314017631395316,-0.0128826258310137,-0.0171461588349705,0.00495715345619166
20-Dec-1985,0.00109939544330106,-0.00340579313483282,0.0109399400383343,0.00337931461957329
27-Dec-1985,-0.00571630699610919,0.00727348396649847,-0.00190180728959633,-0.00410350998023553
03-Jan-1986,0.00588266315815551,0.00628023795715046,0.00647896609770907,-0.00752873082986187
10-Jan-1986,-0.0207130415975416,0.00498754151103897,0.00548493023056975,-0.00491629691134723
17-Jan-1986,0.0135083500247923,0.0081665626663934,-0.001100605444033,0.00119527031910643
24-Jan-1986,-0.00823380492710354,0.00508703904855721,-0.00220242355520004,0.0171614543370413
31-Jan-1986,0.0223484036637618,-0.0145046862028817,-0.00250313021811848,0.0275081685933368
07-Feb-1986,0.0149871298082482,-0.00150112612626709,-0.0193867138001901,0.0042667983421351
14-Feb-1986,0.0228372339027571,-0.00732677538646086,0.00269636154774253,0.00159164085691659
21-Feb-1986,0.0199986865066891,-0.00280392733273426,-0.00130084573304807,0.00379050925607665
28-Feb-1986,0.0108410231778748,0.00458945233380722,0.00995033085316809,0.00967499597865852
07-Mar-1986,-0.00190180728959633,0.0155780299633185,0.000399920021326891,0.0140609677182355
14-Mar-1986,0.0395091330947125,-0.0210193672240755,-0.00491204436102064,-0.00513488233141983
21-Mar-1986,-0.00904074465214907,0.0168571170664228,0.000799680170564244,-0.0086226580488391
27-Mar-1986,0.017839918128331,-0.0202027073175195,0.00109939544330106,0.020842841500862
04-Apr-1986,-0.0356271776431512,0.0233258253034968,0.00349388925425584,-0.000860125587430425
11-Apr-1986,0.0264471700148482,-0.0117689835999989,-0.0127813343647332,0.00603192056623435
18-Apr-1986,0.0261549574768512,0.00119928057548219,-0.0139975096438537,0.0115643434651775
25-Apr-1986,-0.00270365157431482,0.00876150566857267,-0.0106565801885289,-0.0101255825971874
02-May-1986,-0.0298408420110212,0.00687630393943206,0.00707491367196198,-0.012718232676065
09-May-1986,0.0135083500247923,0.000999500333083423,0.0066776547532405,-0.0117257604009253
16-May-1986,-0.0186732652656213,0.00806737107775879,0.00159872136369707,0.00488104652304263
23-May-1986,0.0305292050348228,-0.018775155326334,-0.00601807232556302,0.015147755030407
30-May-1986,0.0217614917815127,-0.00370686193132651,-0.00803217169726427,0.0118566828953957
06-Jun-1986,-0.00702461493696447,0.00717420374800045,-0.00320513094894834,0.00878496928378037
13-Jun-1986,-0.000300045009001992,-0.00190180728959633,-0.000900405243164155,0.00918073596227368
20-Jun-1986,0.000699755114273265,-0.016739324004298,0.0108410231778748,0.00988730985622163
27-Jun-1986,0.0116320842297077,0.00119928057548219,0.00628023795715046,0.0164551612860142
03-Jul-1986,0.010742096531902,0.000999500333083423,-0.00591747376403762,0.0134762627881112
11-Jul-1986,-0.0397808700118446,-0.00461061255768329,0.031498667059371,-0.0126894502416652
18-Jul-1986,-0.0250101630041678,-0.00571630699610919,0.0187236139981025,0.0122955834555596
25-Jul-1986,0.0116320842297077,-0.02081513971392,0.00159872136369707,0.0247327324118979
01-Aug-1986,-0.023882940463332,-0.00250313021811848,0.00757126549631813,-0.00270270661330519
08-Aug-1986,0.00478851673179709,-0.0155198116580368,0.0154795708483864,-0.030556604102838
15-Aug-1986,0.0405659617466618,-0.0120725812342692,-0.00752826642079152,0.00256934463780836
22-Aug-1986,0.0094551587707552,-0.0104544579038589,0.0151841353250401,-0.00244652618246251
29-Aug-1986,0.0081665626663934,-0.00571630699610919,0.00518652668730015,-0.0186736093378382
05-Sep-1986,-0.0118701725704874,0.00747201483870106,0.00866237307865259,-0.0362901697002555
12-Sep-1986,-0.0828382783090045,0.0126200313561022,0.0146915487429897,-0.0320485159454562
19-Sep-1986,0.00458945233380722,-0.00672254576082681,0.00419120461846805,0.000666358784152252
26-Sep-1986,0.00379279823869626,0.0078689583786952,0.00409161790325356,0.00693234225921265
03-Oct-1986,0.00498754151103897,-0.00290421314738983,0.00109939544330106,0.00867590644784542
10-Oct-1986,0.00538547227633789,-0.00732677538646086,-0.0014009809156281,-0.00341211206729322
17-Oct-1986,0.0110388471152164,-0.00551518068811011,-0.0089398415694743,0.014068267495663
24-Oct-1986,-0.00100050033358353,0.00149887612373595,-0.00290421314738983,0.00477997229319779
31-Oct-1986,0.0205866336083883,-0.00853633102228634,0.000999500333083423,-0.000127256988290595
07-Nov-1986,0.00767050630421974,-0.00270365157431482,0.00339423306801562,-0.00190317707511942
14-Nov-1986,-0.00682322534812554,0.00359353551013022,0.00578324475572736,-0.00801401254091101
21-Nov-1986,-0.000500125041682243,-0.016739324004298,-0.000300045009001992,0.00377713218957565
28-Nov-1986,0.0112366319259878,-0.00390762483101708,-0.0089398415694743,0.00188677622174481
05-Dec-1986,0.00776973726436069,-0.00652121699026546,-0.00863719339566359,0.00648878165324118
12-Dec-1986,-0.016942720730312,-0.000700245114393426,0.00925702126267685,0.00729148012406155
19-Dec-1986,0.00309520490730252,-0.00742751582879658,0.00169855663558151,-0.000613181765554012
26-Dec-1986,-0.00944445882799969,0.00109939544330106,0.00259662584726591,-0.000204461778928698
02-Jan-1987,-0.000600180072032461,0.0116320842297077,-0.00220242355520004,-0.00410853766369008
09-Jan-1987,0.0536355491659093,0.0103462920541443,-0.0182658088068925,0.00107706718090671
16-Jan-1987,0.0240094524603519,-0.00260338587011493,-0.00561573878563575,0.00196364848720013
23-Jan-1987,0.0105442138756711,-0.0149106127357542,-0.00843547882110158,0.0129522740194388
30-Jan-1987,0.0108410231778748,-0.00672254576082681,0.00199800266267306,0.0026954082374955
06-Feb-1987,0.0262523711440657,0.017938145131013,-0.0099493308536681,-0.020352936968999
13-Feb-1987,0.000299955008997942,0.0132123314721349,-0.0233709863232402,-0.00160495413928499
20-Feb-1987,0.0172503534065277,-0.010959840236342,-0.00420884477405468,-0.00290704463339848
27-Feb-1987,-0.000800320170769155,0.0130149370774948,-0.0204068097776626,0.00107613561386749
06-Mar-1987,0.017938145131013,-0.00652121699026546,0.00339423306801562,0.0152635557519449
13-Mar-1987,-0.000700245114393426,0.0109399400383343,-0.000800320170769155,-0.0032096487984589
20-Mar-1987,0.0209784063851918,-0.00954541284353139,-0.000400080021339691,0.00918264742918086
27-Mar-1987,-0.00652121699026546,0.00389241471534385,0.00866237307865259,0.0017670711746399
03-Apr-1987,0.00767050630421974,-0.00772979806194127,-0.00360649559411174,0.0100917263034867
10-Apr-1987,-0.0257281485727312,0.0135083500247923,-0.00330545700872648,-0.00201053219791339
16-Apr-1987,-0.0210193672240755,-0.00762902716449116,0.00498754151103897,-0.00685684242126212
24-Apr-1987,-0.0188770557696892,0.00299550897979837,0.000999500333083423,-0.00141363840555746
01-May-1987,0.019018005835762,-0.0146061523893621,0.00508703904855721,-0.000628983078759827
08-May-1987,0.0161685811615837,-0.00370686193132651,0.00905884448834615,0.00678245862465175
15-May-1987,-0.0193867138001901,0.0131136391453832,-0.00280392733273426,-0.00190892116938802
22-May-1987,-0.0220411308768803,-0.00531409482376877,-0.000500125041682243,-0.00911373858197649
29-May-1987,0.0273232956488904,-0.0106565801885289,-0.00662187630888697,-0.00421137954730136
05-Jun-1987,0.0102473164515495,-0.00511304938682301,0.000899595242835994,-0.00270446168254587
12-Jun-1987,0.0241070753432331,-0.0146061523893621,-0.00290421314738983,-0.00691760777114402
19-Jun-1987,0.0138042809763971,-0.00853633102228634,0.000999500333083423,-0.00542019624584259
26-Jun-1987,-0.000400080021339691,-0.00290421314738983,0.000999500333083423,0.00599076710151244
02-Jul-1987,-0.00642056780292269,0.00657831536012251,0.00876150566857267,0.00518827211196052
10-Jul-1987,0.00677698427902367,0.000599820071967549,0.0123237496888319,0.00808451970469925
17-Jul-1987,0.0167587838149546,-0.000200020002667045,0.00259662584726591,0.0156594882552223
24-Jul-1987,-0.0166376411530232,0.00478851673179709,-0.00220242355520004,-0.00390640493909004
31-Jul-1987,0.0264471700148482,-0.010959840236342,-0.00672254576082681,0.0113686484538512
07-Aug-1987,0.0148886124937506,-0.000100005000333347,-0.00772979806194127,0.000174172382871563
14-Aug-1987,0.0295588022415444,-0.0230639395985517,0.0078689583786952,-0.0139522619077965
21-Aug-1987,0.00478851673179709,0.000599820071967549,-0.00823380492710354,0.00246153520262014
28-Aug-1987,-0.021938907518754,0.0169554406494134,-0.00240288461631031,-0.00510640464470367
04-Sep-1987,-0.0292228586769033,0.0174469136037207,0.00129915573162013,-0.00471064853874544
11-Sep-1987,0.0116320842297077,-0.0124775215111126,-0.0121738009317088,0.0174114643790216
18-Sep-1987,-0.0206109539041243,0.0102473164515495,0.00687630393943206,-0.0043291875695909
25-Sep-1987,0.0128175037106143,-0.0140989243795016,0.00339423306801562,0.00990457627448172
02-Oct-1987,0.0228372339027571,-0.0089398415694743,-0.00100050033358353,0.00826526679109175
09-Oct-1987,-0.0479305337575499,0.0143958802837323,0.00876150566857267,-0.021908952832175
16-Oct-1987,-0.0923346112027961,0.00558437829390066,0.0213700257361925,-0.0474115455380375
23-Oct-1987,-0.149196306362127,-0.0721406777776824,0.0415257468284983,-0.0523931232379179
30-Oct-1987,0.00826574441703259,-0.040717833278559,-0.02081513971392,0.037763251709184
06-Nov-1987,-0.00280392733273426,0.0131136391453832,0.0148886124937506,-0.0161866956832853
13-Nov-1987,-0.0170444346092585,0.00886062843219647,0.00169855663558151,0.00243722213857265
20-Nov-1987,-0.0180621428184085,-0.0123762710680554,0.0089597413714718,0.00917712710247143
27-Nov-1987,-0.0021022080918702,0.0140015196358136,-0.00150112612626709,0.00597556716639307
04-Dec-1987,-0.0732160623312591,-0.00682322534812554,0.0253753063312283,0.00898420282552354
11-Dec-1987,0.0437297628613252,-0.0226546905648062,-0.0276795691067424,0.0315439676246038
18-Dec-1987,0.0584575695715687,0.0250827803674632,-0.0355235560690467,-0.00965390675148816
24-Dec-1987,0.0130149370774948,0.00289580311202547,-0.00190180728959633,0.00517966693346221
31-Dec-1987,-0.017756721589259,0.0102473164515495,-0.000500125041682243,9.19132705659183e-05
08-Jan-1988,-0.00320513094894834,0.0305292050348228,0.0163653540862642,-0.0440515257273766
15-Jan-1988,0.0256677467485778,-0.0299438763730721,0.000799680170564244,-0.000603379387352336
22-Jan-1988,-0.0175531592475892,0.0109399400383343,0.0226417304808246,-0.00962157631855586
29-Jan-1988,0.0363319292473902,-0.0223478636639076,0.00876150566857267,-0.00671726531228066
05-Feb-1988,-0.0143017847108596,0.0201947072855193,0.0141987193998129,-0.0131223818697122
12-Feb-1988,0.0226417304808246,0.000499875041650993,-0.0136933271320026,0.0076923956799684
19-Feb-1988,0.0131136391453832,-0.00200200267067308,-0.00390762483101708,-0.00680910006485117
26-Feb-1988,0.00707491367196198,0.0176434351725953,-0.0087380659432853,-0.0125283826140777
04-Mar-1988,0.0196065296389183,0.00747201483870106,-0.00964637705180545,-0.0129266673644635
11-Mar-1988,-0.00652121699026546,0.0243022925229648,0.00199800266267306,-0.00443126695792185
18-Mar-1988,0.0199986865066891,-0.00652121699026546,-0.001100605444033,0.014169974787208
25-Mar-1988,-0.0391567152011939,0.0238141780992549,0.00737275432941316,0.00157598117645335
31-Mar-1988,-0.000100005000333347,0.00528600442923744,0.004489905272852,0.00417127025786992
08-Apr-1988,0.0327575642381723,-0.0209172482553883,0.00329456694943011,0.00408671319815399
15-Apr-1988,-0.0331432185932542,0.0133110140596724,0.00776973726436069,0.00267570306876607
22-Apr-1988,-0.000800320170769155,0.00329456694943011,0.0061808590750811,0.00299049273407982
29-Apr-1988,0.0066776547532405,0.0122249696225689,-0.00130084573304807,0.00409346442206274
06-May-1988,-0.0114654781092781,0.0112366319259878,0.00687630393943206,0.00379144812540909
13-May-1988,-0.00601807232556302,-0.01197137178122,0.0119285708652738,0.00179742234647841
20-May-1988,-0.0148091156537082,-0.00260338587011493,0.00488803407277587,0.000280824491059148
27-May-1988,0.00259662584726591,-0.00280392733273426,0.00249688019858715,0.000897585548910374
03-Jun-1988,0.0431552703139276,-0.0235757365287057,-0.00410842804454319,-0.00472152978382914
10-Jun-1988,0.0182327682610597,0.00478851673179709,-0.00451015547788602,-0.00922854625552338
17-Jun-1988,-0.00150112612626709,0.00299550897979837,0.00419120461846805,0.00538530789715497
24-Jun-1988,0.0118297517535772,0.00119928057548219,0.000799680170564244,-0.0153302241431344
01-Jul-1988,-0.00320513094894834,0.019018005835762,-0.00340579313483282,-0.00831481676927477
08-Jul-1988,-0.00631992874481935,0.00558437829390066,0.00498754151103897,-0.00250466137417791
15-Jul-1988,0.00339423306801562,-0.00300450902029872,0.0017983819413794,0.00149675723636307
22-Jul-1988,-0.0288110818541196,0.0156764793850076,0.0136070034062169,0.0039932834722677
29-Jul-1988,0.0227394869694893,-0.0260360145508414,0.00149887612373595,-0.00431760048190308
05-Aug-1988,-0.000800320170769155,0.00129915573162013,0.00568381646829771,0.00279847125601434
12-Aug-1988,-0.0303561200148992,0.00628023795715046,0.00628023795715046,0.00329090986803444
19-Aug-1988,-0.00652121699026546,-0.000600180072032461,0.00169855663558151,0.0035875452921203
26-Aug-1988,-0.00420884477405468,-0.00521356705288743,0.00588266315815551,0.0046769507816236
02-Sep-1988,0.0148886124937506,-0.0104544579038589,0.00309520490730252,-0.00311155954298
09-Sep-1988,0.00935609492402503,0.00269636154774253,-0.0107576566529602,-0.00701301814759359
16-Sep-1988,0.0101483310518151,-0.00571630699610919,0.00119928057548219,0.00169234101366778
23-Sep-1988,-0.0021022080918702,0.00119928057548219,-0.001100605444033,0.00249538540988767
30-Sep-1988,0.00677698427902367,-0.00130084573304807,0.00169855663558151,0.00768022650190312
07-Oct-1988,0.0157749191153622,-0.0207130415975416,0.00139902091370741,0.0072934639276382
14-Oct-1988,-0.00924258136693254,0.00478851673179709,0.00359353551013022,0.00129753656024393
21-Oct-1988,0.0211742352314066,-0.017349638335113,-0.00330545700872648,-0.00490837442892512
28-Oct-1988,-0.017349638335113,0.00309520490730252,0.0140015196358136,0.00409281267081282
04-Nov-1988,-0.00591747376403762,-0.000600180072032461,0.0061808590750811,0.00429644828435538
11-Nov-1988,-0.028399474521698,0.0113355096637457,0.00359353551013022,-0.00350628019534204
18-Nov-1988,-0.00954541284353139,-0.0111620647061919,0.00299550897979837,-0.00420397323806554
25-Nov-1988,0.000599820071967549,-0.00702461493696447,0.0089597413714718,0.00549450294258312
02-Dec-1988,0.0165620882989782,-0.00160128136697388,-0.0149106127357542,0.00318545912483324
09-Dec-1988,0.0144944461504525,-0.00803217169726427,0.00239712459972145,0.00169611876791178
16-Dec-1988,-0.00400802139753882,0.0066776547532405,0,-0.00161822359062352
23-Dec-1988,0.00528600442923744,-0.00280392733273426,-0.00652121699026546,-0.00340295258808923
30-Dec-1988,0.00209779808214612,0.0144944461504525,-0.00551518068811011,-0.00490860631190199
06-Jan-1989,0.00935609492402503,0.00588266315815551,0.00915793778476572,-0.00502665756734368
13-Jan-1989,0.00836491633162767,-0.00672254576082681,0.00458945233380722,0.00609381287825127
20-Jan-1989,0.00856323066048781,-0.0014009809156281,0.00199800266267306,0.00109104789330753
27-Jan-1989,0.0212721352755398,-0.0147076288722743,-0.00611868100817718,0.00269358319296091
03-Feb-1989,0.0119285708652738,0.0081665626663934,-0.0139975096438537,-0.00260827361973909
10-Feb-1989,-0.0131865618041756,0.00995033085316809,0.0118297517535772,0.00559583465250125
17-Feb-1989,0.0144944461504525,-0.00340579313483282,-0.00160128136697388,-0.00180134040848795
24-Feb-1989,-0.0287081641367437,0.0120273802127185,0.00429078141715625,0.00539499701840187
03-Mar-1989,0.0120273802127185,-0.000400080021339691,0.00249688019858715,0.00848408171835697
10-Mar-1989,0.00508703904855721,0.00468898948613147,9.99950003332973e-05,0.00928695597710108
17-Mar-1989,-0.00390762483101708,-0.00400802139753882,0.00319489089651929,0.00938842982579547
23-Mar-1989,-0.0124775215111126,0.00925702126267685,0.00249688019858715,0.00169188453980799
31-Mar-1989,0.0174469136037207,-0.00662187630888697,-0.00150112612626709,0.00529117748490272
07-Apr-1989,0.00767050630421974,0,-0.00340579313483282,-0.00080719235167546
14-Apr-1989,0.0114343776256632,0.000699755114273265,-0.00571630699610919,0.00109452410626412
21-Apr-1989,0.0205866336083883,-0.0145046862028817,-0.000600180072032461,0.00579173975770922
28-Apr-1989,0.00259662584726591,0.00747201483870106,-0.00380723834295407,0.00919060403326563
05-May-1989,-0.00420884477405468,0.0124225199985571,-0.00491204436102064,0.00308914323065061
12-May-1989,0.0155780299633185,-0.0116678048676821,-0.00843547882110158,0.00199260047476832
19-May-1989,0.020390689647734,-0.0105555139395166,-0.000500125041682243,0.00499454757413824
26-May-1989,0.00249688019858715,0.00349388925425584,0.00269636154774253,0.00168985744305281
02-Jun-1989,0.0116320842297077,0.000599820071967549,0.00159872136369707,0.00558953042844291
09-Jun-1989,0.00349388925425584,-0.00100050033358353,0.00119928057548219,0.00677095628053032
16-Jun-1989,-0.017349638335113,0.0061808590750811,0.00925702126267685,-0.00601069758465715
23-Jun-1989,0.0144944461504525,-0.0163326546208976,-0.00461061255768329,0.0137733027516083
30-Jun-1989,-0.0290169490704926,0.004489905272852,0.0159717695096987,-0.0125224870781902
07-Jul-1989,0.0187236139981025,-0.00541463270149884,-0.00481155699722208,0.0161580531778364
14-Jul-1989,0.0173486383346131,-0.0087380659432853,0.000899595242835994,0.00707991404781959
21-Jul-1989,0.00796816964917688,-0.00240288461631031,-0.0120725812342692,0.00967632804742323
28-Jul-1989,0.015282623531157,-0.0133892371190161,-0.0114654781092781,0.0192514294285232
04-Aug-1989,0.00608147031586795,0.000199980002666245,0.00737275432941316,-0.0104448921071342
11-Aug-1989,0.00409161790325356,0.00578324475572736,0.00259662584726591,0.002792220460035
18-Aug-1989,0.000299955008997942,-0.00682322534812554,-0.0014009809156281,0.00117818672777972
25-Aug-1989,0.010742096531902,-0.00511304938682301,-0.00591747376403762,0.00717462778416564
01-Sep-1989,0.00757126549631813,-0.00100050033358353,0.00508703904855721,-0.00400898194326787
08-Sep-1989,-0.01197137178122,0.0132123314721349,0.00369317183761761,-0.00320585515145765
15-Sep-1989,-0.0129839275582948,-0.00280392733273426,0,-0.000509875750134773
22-Sep-1989,0.00458945233380722,-0.00581688532156485,-0.00390762483101708,0.00858942899512155
29-Sep-1989,0.00647896609770907,0.00149887612373595,-0.0129839275582948,0.0297528562273806
06-Oct-1989,0.0243998868235351,-0.0138961051921114,-0.00471107973011922,0.0281923821059843
13-Oct-1989,-0.0671018035407359,0.0231304173888545,0.00657831536012251,-0.0170962510424045
20-Oct-1989,0.0289761082365172,-0.0329365002462648,-0.0184695162836613,0.021429001143348
27-Oct-1989,-0.0366639843715915,-0.00180162194662821,0.00578324475572736,-0.00715965531376704
03-Nov-1989,0.00697561373642514,-0.00652121699026546,0.00429078141715625,0.0121784004915061
10-Nov-1989,0.00319489089651929,-0.00130084573304807,-0.0113643300790498,0.010344654680535
17-Nov-1989,0.00558437829390066,-0.00501254182354429,-0.00280392733273426,0.00487743445148017
24-Nov-1989,0.00319489089651929,-0.00702461493696447,-0.00481155699722208,0.0025947608665109
01-Dec-1989,0.0140015196358136,-0.0143017847108596,0.00229735904868346,0.00668384814408934
08-Dec-1989,-0.00521356705288743,0.00329456694943011,0.00339423306801562,0.00189744621765314
15-Dec-1989,-0.00240288461631031,-0.0166376411530232,0.00399202126953746,0.0119780759186086
22-Dec-1989,-0.00783057911518856,-0.0021022080918702,0.0017983819413794,0.000478039182628981
29-Dec-1989,0.0160701801774945,0.000999500333083423,-0.00682322534812554,0.00598357994594096
05-Jan-1990,-0.00230264906267556,0.0126200313561022,-0.00863719339566359,-0.0208747099997008
12-Jan-1990,-0.036249132675121,0.00518652668730015,0.00637960696403899,-0.00190859036649183
19-Jan-1990,-0.00471107973011922,-0.00350613932928759,-0.00240288461631031,0.00695693628715505
26-Jan-1990,-0.0430118905932911,-0.00280392733273426,0.00925702126267685,-0.00380647993795707
02-Feb-1990,0.0121261797978406,-0.0172478934095534,-0.001100605444033,0.00314433855759121
09-Feb-1990,0.0105442138756711,0.00677698427902367,-0.00420884477405468,0.00228425162797125
16-Feb-1990,-0.00320513094894834,0.000499875041650993,0.00568381646829771,0.000290287586211103
23-Feb-1990,-0.0251127008150753,0.00637960696403899,0.0129162252665462,-0.0100352095131415
02-Mar-1990,0.0311109950250527,-0.0146061523893621,-0.00682322534812554,-0.000415118366931154
09-Mar-1990,0.00767050630421974,0.0102473164515495,-0.0129839275582948,-0.00520968897366209
16-Mar-1990,0.00826574441703259,0.000899595242835994,-0.0089398415694743,0.00727236328205419
23-Mar-1990,-0.0142003494011414,0.0094551587707552,-0.00551518068811011,0.00489391202792506
30-Mar-1990,0.00508703904855721,-0.0043092715880984,0.00269636154774253,0.00718298866680196
06-Apr-1990,-0.00250313021811848,-0.00762902716449116,-0.0113643300790498,0.0158687798949407
12-Apr-1990,0.0104452578615386,-0.00934351500315247,-0.0112631922787107,-0.009119581284024
20-Apr-1990,-0.0272684271541938,0.00995033085316809,0.00249688019858715,0.00468991757311839
27-Apr-1990,-0.0193867138001901,0.004489905272852,0,0.00769052260742575
04-May-1990,0.0244974716003874,-0.0126800531573745,-0.00954541284353139,0.0129781537002616
11-May-1990,0.0340148785872776,-0.0228592941460826,-0.000500125041682243,0.0075849550242577
18-May-1990,0.00856323066048781,0.004489905272852,-0.00984833605481441,0.0107751748559274
25-May-1990,0.00259662584726591,0.010742096531902,-0.0159261505502593,-0.00151760883643586
01-Jun-1990,0.0198026272961797,-0.0089398415694743,-0.00521356705288743,0.00139582078076594
08-Jun-1990,-0.0100503358535015,0.00776973726436069,0.0094551587707552,-0.0215629361337119
15-Jun-1990,0.00856323066048781,0.00169855663558151,-0.016942720730312,0.0289038718650645
22-Jun-1990,-0.0195906497650041,0.00548493023056975,-0.00340579313483282,0.00717676418917656
29-Jun-1990,0.00458945233380722,0,-0.0099493308536681,0.016645730318178
06-Jul-1990,-0.000500125041682243,-0.00491204436102064,-0.00702461493696447,0.0172500559671314
13-Jul-1990,0.0201947072855193,-0.00813298323018899,-0.0163326546208976,0.0259256611126834
20-Jul-1990,-0.017756721589259,-0.00340579313483282,0.00488803407277587,0.00189340763788161
27-Jul-1990,-0.0251127008150753,-0.000800320170769155,0.0119285708652738,0.00467776812870128
03-Aug-1990,-0.0297378182639564,-0.026343975339602,0.0147900854726353,0.00556530833250205
10-Aug-1990,-0.0268574541698826,0.00339423306801562,-0.00461061255768329,0.00766157559088417
17-Aug-1990,-0.0262413112052271,-0.00904074465214907,0.00608147031586795,0.0115701027907804
24-Aug-1990,-0.0560413908836249,-0.0241902388012177,0.0200967016991224,-0.00373456943007218
31-Aug-1990,0.0348844018535019,0.00249688019858715,-0.0160277610771973,0.0107473394084284
07-Sep-1990,0.00139902091370741,-0.00160128136697388,0.000199980002666245,0.0117815800563933
14-Sep-1990,-0.01999864650669,0.00209779808214612,9.99950003332973e-05,0.0150633920426257
21-Sep-1990,-0.0213257867147524,-0.0110609473594249,0.00995033085316809,0.0267230385608516
28-Sep-1990,-0.022961611637347,-0.028399474521698,-0.00300450902029872,0.0225267816624901
05-Oct-1990,0.0142973047008244,-0.016739324004298,-0.000400080021339691,0.00108567401041891
12-Oct-1990,-0.0419684848225016,-0.0127813343647332,0.0166604408931072,0.0168608117645298
19-Oct-1990,0.0338215484755107,-0.0243951568347216,-0.0204068097776626,0.0248121339918219
26-Oct-1990,-0.0215301185503632,0.0094551587707552,-0.00240288461631031,0.0122889036089921
02-Nov-1990,0.0184291354683671,-0.0267547373088196,0.00528600442923744,0.0021030143793416
09-Nov-1990,0.00866237307865259,-0.00120072057651888,-0.00310481495347876,-0.0114356478161446
16-Nov-1990,0.0140015196358136,0.0103462920541443,-0.00551518068811011,-0.0380195170721139
23-Nov-1990,-0.00732677538646086,0.00528600442923744,-0.00642056780292269,0.017640206633733
30-Nov-1990,0.0221528046411333,0.0017983819413794,-0.0134905901824991,-0.0106238786635862
07-Dec-1990,0.0196065296389183,0.0097522914426783,-0.000800320170769155,-0.0324337975143136
14-Dec-1990,-0.00360649559411174,-0.00170144663975757,-0.00702461493696447,0.0106568085451017
21-Dec-1990,0.0121261797978406,-0.010959840236342,9.99950003332973e-05,0.00267739752469825
28-Dec-1990,-0.00843547882110158,0.00269636154774253,-0.00160128136697388,0.0156534057947837
04-Jan-1991,-0.0206109539041243,0.0175451792157489,0.0175451792157489,-0.0331845136320742
11-Jan-1991,-0.0194886765838624,-0.000200020002667045,-0.00360649559411174,0.0265192126703179
18-Jan-1991,0.0457378916738537,-0.0334533762592196,-0.0192847614118671,0.011278989435077
25-Jan-1991,0.0168571170664228,0.0326607822395483,-0.00813298323018899,-0.029100188296903
01-Feb-1991,0.0266419309464211,0.0367175829351629,-0.00762902716449116,-0.0335371148906259
08-Feb-1991,0.0458334163431722,-0.00461061255768329,-0.00290421314738983,-0.0252198659140456
15-Feb-1991,0.0262523711440657,0.0103462920541443,0.000199980002666245,-0.010444445946241
22-Feb-1991,-0.00742751582879658,0.0114343776256632,-0.010959840236342,0.0211306312071481
01-Mar-1991,0.0135083500247923,0.00697561373642514,0.00389241471534385,-0.0189828391347732
08-Mar-1991,0.0154795708483864,0.0271286673882527,-0.0131865618041756,0.000286602763591547
15-Mar-1991,-0.00722604509173958,-0.0111620647061919,0.00915793778476572,0.00257573804808982
22-Mar-1991,-0.0130852395486555,0.0151841353250401,-0.000500125041682243,0.0250034213657416
28-Mar-1991,0.0220549907808313,0.00767050630421974,-0.00621929981391683,0.0109838636929559
05-Apr-1991,0.00518652668730015,0.016463726030665,-0.00823380492710354,0.00907861699074074
12-Apr-1991,0.0105442138756711,-0.000700245114393426,0.00239712459972145,0.00488628697622494
19-Apr-1991,0.00796816964917688,-0.00491204436102064,0.0115332358136731,-0.0252271130954316
26-Apr-1991,-0.0154182527283806,0.00139902091370741,0.000699755114273265,-0.00851388700236628
03-May-1991,0.00279608730200119,-0.00581688532156485,0.00309520490730252,0.00507079558196301
10-May-1991,-0.0104544579038589,0.0121261797978406,-0.00250313021811848,0.000688843513763027
17-May-1991,-0.0123762710680554,-0.010959840236342,0.00598207167754747,-0.00383407164462337
24-May-1991,0.0143958802837323,-0.0021022080918702,-0.00642056780292269,0.0120620555118052
31-May-1991,0.0295588022415444,-0.00440970848870007,0.00189819728308027,-0.0234878402297921
07-Jun-1991,-0.0223478636639076,0.0180363624860986,0.0125212805536717,-0.0129285886225248
14-Jun-1991,0.00329456694943011,-0.0128826258310137,-0.00260338587011493,0.00309563196070191
21-Jun-1991,-0.0133892371190161,-0.0021022080918702,0.00359353551013022,0.00489087423961382
28-Jun-1991,-0.0180621428184085,-0.00280392733273426,-0.000700245114393426,0.00159270464658655
05-Jul-1991,0.00637960696403899,-0.0103534120794916,-0.00631992874481935,0.0128684938107474
12-Jul-1991,0.0172503534065277,0.00389241471534385,-0.00732677538646086,0.0186641986734203
19-Jul-1991,0.0098513160503742,0.00498754151103897,0.0081665626663934,-0.00291321123566884
26-Jul-1991,-0.0099493308536681,-0.00330545700872648,0.00508703904855721,0.00229069479493642
02-Aug-1991,0.0168571170664228,-0.000400080021339691,-0.0143017847108596,0.0111837134390983
09-Aug-1991,0.00169855663558151,0.00269636154774253,9.99950003332973e-05,0.0103885377523592
16-Aug-1991,-0.00200200267067308,0.00548493023056975,0.00637960696403899,0.00437794709964187
23-Aug-1991,0.0183309566847234,-0.00581688532156485,-0.00491204436102064,0.00865428875514488
30-Aug-1991,0.00478851673179709,0.00955421280481171,-0.00702461493696447,-0.000611671756805616
06-Sep-1991,-0.0171461588349705,0.00578324475572736,0.00159872136369707,-0.00501035089593432
13-Sep-1991,-0.0127813343647332,0.0089597413714718,-0.00571630699610919,0.00697665431164187
20-Sep-1991,0.0129162252665462,0.00189819728308027,-0.0105555139395166,0.0168541549959362
27-Sep-1991,-0.00451015547788602,-0.00190180728959633,0.00439034830129285,-0.00481092710558394
04-Oct-1991,-0.0106565801885289,0.00478851673179709,9.99950003332973e-05,0.00138391448194714
11-Oct-1991,-0.00280392733273426,-0.00511304938682301,0.000899595242835994,-0.00181435140784135
18-Oct-1991,0.029461710149619,0.00508703904855721,-0.00300450902029872,0.0227042922515378
25-Oct-1991,-0.0221433646856899,0.00339423306801562,0.00249688019858715,-0.0123321597538874
01-Nov-1991,0.0204886664273156,0.00369317183761761,-0.00783057911518856,0.0183473247203586
08-Nov-1991,0.00598207167754747,0.00149887612373595,-0.000800320170769155,0.0128754731983424
15-Nov-1991,-0.0258307600345215,0.00129915573162013,0.00199800266267306,-0.00381214083785903
22-Nov-1991,-0.0175531592475892,-0.00481155699722208,-0.0130852395486555,0.00782186871062365
29-Nov-1991,-0.00250313021811848,-0.00420884477405468,-0.00531409482376877,0.00449043751951983
06-Dec-1991,0.0113355096637457,-0.00180162194662821,-0.0258307600345215,0.0315882701171391
13-Dec-1991,0.0108410231778748,-0.0121738009317088,-0.00330545700872648,0.00996530899580234
20-Dec-1991,0.00349388925425584,-0.00853633102228634,-0.0139975096438537,0.0033772774119595
27-Dec-1991,0.0505029821731068,-0.00531409482376877,0.0089597413714718,0.015655596608098
03-Jan-1992,0.0307231726428405,0.011137744410456,0.00458945233380722,-0.0092370747650574
10-Jan-1992,0.000199980002666245,0.0378736524280815,-0.0101513510563754,0.0185299431532216
17-Jan-1992,0.00925702126267685,0.016463726030665,0.0349809688952456,-0.0430267835243593
24-Jan-1992,-0.00742751582879658,0.00707491367196198,0.000299955008997942,0.00588796724937899
31-Jan-1992,-0.0126800531573745,0.0157749191153622,0.0114343776256632,0.00504617659546857
07-Feb-1992,0.00955421280481171,0.0112366319259878,0.0120273802127185,0.00446827313490941
14-Feb-1992,0.00309520490730252,0.000899595242835994,0.0247901688072187,-0.0194611793350986
21-Feb-1992,-0.00471107973011922,-0.00491204436102064,0.0264471700148482,-0.00373634688207275
28-Feb-1992,0.00289580311202547,0.00139902091370741,-0.00190180728959633,0.00993539688972266
06-Mar-1992,-0.02081513971392,0.00209779808214612,0.0081665626663934,-0.0156432938846535
13-Mar-1992,0.00279608730200119,-0.00561573878563575,0.00129915573162013,0.00337246442954397
20-Mar-1992,0.0110388471152164,-0.00621929981391683,0.019508466388043,0.0151580012415864
27-Mar-1992,-0.0192847614118671,-0.000500125041682243,0.00269636154774253,-0.00241964296173071
03-Apr-1992,-0.0106565801885289,-0.0116678048676821,0.000199980002666245,-0.00392506467324885
10-Apr-1992,0.00309520490730252,-0.0144032303107437,0.00598207167754747,0.00134720697955205
16-Apr-1992,0.0232281261192072,-0.023882940463332,0.0207825391825284,0.000254275954825103
24-Apr-1992,-0.019692633345736,-0.00601807232556302,0.0261549574768512,-0.0170812681244657
01-May-1992,0.00905884448834615,-0.000400080021339691,-0.00662187630888697,-0.00211422346067199
08-May-1992,0.0100493358530014,-0.000300045009001992,0.00349388925425584,-0.00471130052962062
15-May-1992,-0.0144032303107437,0.00129915573162013,0.0115332358136731,-0.0029151354137032
22-May-1992,0.00796816964917688,-0.00200200267067308,0.00139902091370741,0.00199296753928613
29-May-1992,0.00389241471534385,-0.000700245114393426,-0.00370686193132651,-9.13879776262439e-05
05-Jun-1992,-0.00461061255768329,0.00458945233380722,0.0160701801774945,-0.0022078546225455
12-Jun-1992,-0.0130852395486555,-0.0136933271320026,0.0133110140596724,-0.0113643129149783
19-Jun-1992,-0.0186732652656213,-0.0174513936137559,0.00657831536012251,-0.00771786027114584
26-Jun-1992,-0.00240288461631031,-0.0100503358535015,0.00249688019858715,0.00588857272085452
02-Jul-1992,0.0220549907808313,-0.00100050033358353,-0.0107576566529602,0.0176605040593468
10-Jul-1992,0.0061808590750811,-0.00621929981391683,0.004489905272852,0.00607529749830806
17-Jul-1992,0.00209779808214612,0.00796816964917688,-0.00954541284353139,-0.00811256253161179
24-Jul-1992,-0.00833463679005763,0.00189819728308027,0.00468898948613147,-0.00351242128826832
31-Jul-1992,0.0290732474857072,-0.00310481495347876,-0.00531409482376877,0.00368706181430652
07-Aug-1992,-0.0099493308536681,0.00747201483870106,-0.00772979806194127,-0.00110185490485507
14-Aug-1992,0.000899595242835994,-0.00511304938682301,0.00159872136369707,-0.000406247052259946
21-Aug-1992,-0.0120725812342692,-0.000600180072032461,-0.00130084573304807,0.00509525021970413
28-Aug-1992,-0.00190180728959633,-0.00410842804454319,-0.00440970848870007,-0.00421919033883351
04-Sep-1992,0.00747201483870106,0.00528600442923744,-0.00974735145488007,-0.00251388253313977
11-Sep-1992,0.0066776547532405,0.00309520490730252,-0.0125787822068601,-0.00390433133281662
18-Sep-1992,0.00697561373642514,-0.00290421314738983,0.000299955008997942,0.0142769499867561
25-Sep-1992,-0.0189789665978029,0.00369317183761761,0.016463726030665,0.00409387368677572
02-Oct-1992,-0.00944445882799969,-0.00220242355520004,0.0097522914426783,0.0187610187824437
09-Oct-1992,-0.0147076288722743,0.00856323066048781,-0.0069239150728242,0.00559161650390817
16-Oct-1992,0.0197045832743354,-0.00400802139753882,-0.00904074465214907,0.0110755771937566
23-Oct-1992,0.0094551587707552,0.0128175037106143,-0.00390762483101708,-0.000514760510931515
30-Oct-1992,0.0128175037106143,0.00269636154774253,-0.00601807232556302,-0.00723065550116264
06-Nov-1992,0.00279608730200119,0.0115332358136731,-0.00250313021811848,-0.00300779335536041
13-Nov-1992,0.0145930023029001,0.0167587838149546,-0.0183676573581849,-0.00901474097937781
20-Nov-1992,0.00995033085316809,0.00199800266267306,-0.00370686193132651,0.00708492173938872
27-Nov-1992,0.00955421280481171,0.00319489089651929,0.00419120461846805,0.00628592543273477
04-Dec-1992,0.00637960696403899,0.0115332358136731,0.00637960696403899,-0.000308706657311019
11-Dec-1992,0.0017983819413794,-0.00611868100817718,0.00578324475572736,0.00209296193937999
18-Dec-1992,0.0123237496888319,-0.0124775215111126,0.00289580311202547,0.0121769673414549
24-Dec-1992,-0.001100605444033,0.00409161790325356,0.0114343776256632,0.0220075180789603
31-Dec-1992,-0.001100605444033,0.0205866336083883,0.00309520490730252,0.00627326467635315
08-Jan-1993,-0.0153167041118933,0.0114343776256632,0.0134096869099177,0.00743446514249989
15-Jan-1993,0.0199006617063362,0.000899595242835994,0.00568381646829771,0.0156596839874005
22-Jan-1993,0.00149887612373595,0.0094551587707552,0.026349775322782,0.0108573662777972
29-Jan-1993,0.00309520490730252,-0.00180162194662821,0.0130149370774948,0.00986349141952493
05-Feb-1993,0.0213700257361925,-0.0139975096438537,0.0219571673520421,0.015746024621713
12-Feb-1993,-0.00984833605481441,0.000799680170564244,0.0123237496888319,-0.0069095675983295
19-Feb-1993,-0.0293258293818287,-0.00984833605481441,0.0279069532530079,0.0195623213679669
26-Feb-1993,0.019018005835762,-0.0120725812342692,0.00139902091370741,0.00422239113751049
05-Mar-1993,0.00925702126267685,0.00747201483870106,-0.00120072057651888,0.0100779256742194
12-Mar-1993,0.0102473164515495,0.00399202126953746,-0.00350613932928759,0.00157564710637202
19-Mar-1993,-0.00320513094894834,-0.00803217169726427,0.0198026272961797,0.0230277383252326
26-Mar-1993,-0.00370686193132651,-0.001100605444033,0.00737275432941316,0.0172011848830694
02-Apr-1993,-0.0142003494011414,0.00548493023056975,0.000199980002666245,0.000806444055400752
08-Apr-1993,-0.00250313021811848,-0.0125787822068601,0.0258626595257274,0.0266622186313902
16-Apr-1993,0.013705647056112,-0.0136933271320026,0.0220549907808313,0.00167018559473387
23-Apr-1993,-0.02408779552909,0.0191161171922301,-0.02408779552909,-0.0286525553299588
30-Apr-1993,0.00578324475572736,-0.00581688532156485,-0.00813298323018899,-0.00758183773670164
07-May-1993,0.00995033085316809,0.0166604408931072,-0.0204068097776626,-0.00532290163882666
14-May-1993,-0.00662187630888697,0.00707491367196198,-0.00200200267067308,-0.0138403868715598
21-May-1993,0.0151841353250401,-0.00120072057651888,-0.0203047533403643,0.0018944549257912
28-May-1993,0.00995033085316809,-0.00330545700872648,0.0081665626663934,0.0053828073880119
04-Jun-1993,-0.000200020002667045,0.00439034830129285,0.00905884448834615,0.00648904835834095
11-Jun-1993,-0.00934351500315247,-0.00591747376403762,-0.000600180072032461,-0.0021163339280726
18-Jun-1993,-0.00591747376403762,0.00349388925425584,0.0102473164515495,0.0104686675243826
25-Jun-1993,0.00856323066048781,-0.0103534120794916,0.00558437829390066,0.0146617165351502
02-Jul-1993,0.00259662584726591,0.0143958802837323,0.00149887612373595,0.012467191299618
09-Jul-1993,0.00399202126953746,-0.00350613932928759,0.0101483310518151,0.00208687044602431
16-Jul-1993,-0.00390762483101708,0.00915793778476572,0.00935609492402503,0.0101869465561522
23-Jul-1993,-0.000900405243164155,-0.00954541284353139,0.004489905272852,0.00569166980860805
30-Jul-1993,0.00399202126953746,0.00139902091370741,0.00628023795715046,0.0126751618893624
06-Aug-1993,0.00439034830129285,0.00389241471534385,-0.00732677538646086,0.0200538282919522
13-Aug-1993,0.00319489089651929,-0.000700245114393426,0.0089597413714718,0.0129667060922933
20-Aug-1993,0.0139029051689914,0.000899595242835994,-0.0132878943269354,-0.023206289036381
27-Aug-1993,0.00757126549631813,-0.00310481495347876,0.00886062843219647,0.00738216194459757
03-Sep-1993,0.00608147031586795,0.0132123314721349,-0.00611868100817718,0.00548634112765749
10-Sep-1993,-0.0021022080918702,-0.00904074465214907,0.00598207167754747,0.00457272008780566
17-Sep-1993,-0.00561573878563575,0.00478851673179709,0.00647896609770907,0.00447517590025309
24-Sep-1993,0.00189819728308027,0.00965325702813835,-0.0147076288722743,0.0147368971240196
01-Oct-1993,0.00886062843219647,0.00965325702813835,0.00508703904855721,0.00876528796056187
08-Oct-1993,-0.00230264906267556,0.00767050630421974,-0.00260338587011493,-0.00622033729967667
15-Oct-1993,0.0196065296389183,0.0061808590750811,-0.0277823810124516,-0.00325496290114733
22-Oct-1993,-0.0156213809029568,-0.000500125041682243,0.0115332358136731,-0.0131500674946475
29-Oct-1993,0.00876150566857267,0.00488803407277587,-0.00100050033358353,-0.00335239420841975
05-Nov-1993,-0.0198966317144566,-0.00180162194662821,-0.0110609473594249,-0.0214106493549507
12-Nov-1993,0.0146915487429897,0.004489905272852,-0.00652121699026546,-0.0110307617304285
19-Nov-1993,-0.0130852395486555,-0.0140989243795016,0.0118297517535772,-0.0193524999641043
26-Nov-1993,0.0017983819413794,-0.00843547882110158,0.00468898948613147,-0.000673676844577114
03-Dec-1993,0.00677698427902367,0.00886062843219647,-0.00631992874481935,0.0100689343557157
10-Dec-1993,-0.00250313021811848,-0.00380723834295407,0.011137744410456,0.000692810228287697
17-Dec-1993,0.00239712459972145,-0.0069239150728242,0.00269636154774253,-0.00330892904726755
23-Dec-1993,0.000899595242835994,-0.00621929981391683,0.00129915573162013,0.00239541619396125
31-Dec-1993,0.00568381646829771,0.0246926125903714,-0.00662187630888697,0.00769143911793045
07-Jan-1994,0.00409161790325356,9.99950003332973e-05,0.00498754151103897,-0.0159880316845194
14-Jan-1994,0.0104452578615386,-0.00310481495347876,0.00109939544330106,0.00969046768507287
21-Jan-1994,-0.000700245114393426,0.010742096531902,0.00159872136369707,0.00219063183919424
28-Jan-1994,0.00876150566857267,-0.00591747376403762,0.00657831536012251,-0.00181338252930439
04-Feb-1994,-0.0183676573581849,0.00598207167754747,0.00806737107775879,-0.0010157616236678
11-Feb-1994,0.00189819728308027,0.00637960696403899,-0.00491204436102064,0.00606725158160474
18-Feb-1994,-0.00290421314738983,0.0101483310518151,-0.00823380492710354,0.00518300167504051
25-Feb-1994,-0.00420884477405468,-0.0021022080918702,-0.00270365157431482,-0.00781033149835476
04-Mar-1994,-0.000600180072032461,0.00369317183761761,-0.000200020002667045,0.00897962585863829
11-Mar-1994,0.00299550897979837,0.00169855663558151,0.00339423306801562,0.00309630976983219
18-Mar-1994,0.0122249696225689,0.00876150566857267,-0.00541463270149884,0.00149119520860675
25-Mar-1994,-0.0206109539041243,0.00558437829390066,0.0081665626663934,-0.0124569928397202
31-Mar-1994,-0.0397808700118446,-0.0228592941460826,0.00628023795715046,-0.0149628567535856
08-Apr-1994,0.00568381646829771,0.00915793778476572,-0.00150112612626709,0.0180698172697798
15-Apr-1994,-0.00752826642079152,-0.0147076288722743,0.019018005835762,-0.0229793259148399
22-Apr-1994,-0.000900405243164155,-0.017349638335113,-0.000200020002667045,-0.0157823006063441
29-Apr-1994,0.0094551587707552,0.0144944461504525,-0.0014009809156281,0.016162674778969
06-May-1994,-0.00672254576082681,0.0061808590750811,-0.00601807232556302,-0.00700826461452054
13-May-1994,-0.0131865618041756,-0.00772979806194127,0.00119928057548219,-0.0116219377830318
20-May-1994,0.0213700257361925,-0.016739324004298,0.00538547227633789,-0.00161723368634035
27-May-1994,0.00657831536012251,-0.00170144663975757,0.00119928057548219,-0.00200444275108668
03-Jun-1994,0.00697561373642514,0.00369317183761761,-0.00642056780292269,0.000491009564147177
10-Jun-1994,-0.0043092715880984,-0.0021022080918702,0.0113355096637457,-0.00323529336293259
17-Jun-1994,-0.00170144663975757,0.000299955008997942,0.00826574441703259,0.00569027131335262
24-Jun-1994,-0.0386368836149182,-0.00581688532156485,0.00846407841212936,-0.00541531636302503
01-Jul-1994,0.00915793778476572,0.00239712459972145,-0.00310481495347876,-0.00211202226931054
08-Jul-1994,0.00578324475572736,-0.00722604509173958,0.000699755114273265,0.00439623550475155
15-Jul-1994,0.0120273802127185,0.00429078141715625,-0.00260338587011493,-0.00141247698994771
22-Jul-1994,-0.00390762483101708,-0.00461061255768329,0.00697561373642514,-0.00371086743593477
29-Jul-1994,0.0094551587707552,-0.00642056780292269,-0.0014009809156281,0.000895989206326715
05-Aug-1994,-0.0021022080918702,0.00119928057548219,0.00538547227633789,-0.0020100609882672
12-Aug-1994,0.0112366319259878,0.00109939544330106,-0.0142003494011414,0.0099797694779308
19-Aug-1994,0.00508703904855721,0.00757126549631813,-0.0108587433348759,0.00129904546192966
26-Aug-1994,0.020390689647734,-0.00320513094894834,-0.0108587433348759,9.41326850364607e-05
02-Sep-1994,-0.00390762483101708,0.011137744410456,0.00359353551013022,0.00179960013194772
09-Sep-1994,-0.00481155699722208,0.00856323066048781,-0.00330545700872648,0.00189905557591862
16-Sep-1994,0.00727348396649847,0.00628023795715046,-0.00652121699026546,0.00809053239961881
23-Sep-1994,-0.0257281485727312,0.00538547227633789,-0.00180162194662821,9.80839564942595e-05
30-Sep-1994,0.0078689583786952,0.00209779808214612,-0.00853633102228634,0.00219908044903441
07-Oct-1994,-0.0176549352387207,-0.00310481495347876,-0.000600180072032461,0.00109665702900357
14-Oct-1994,0.0252778071842686,-0.0120725812342692,-0.00742751582879658,0.00499200005348241
21-Oct-1994,-0.00863719339566359,0.00249688019858715,-0.00330545700872648,0.011083044716022
28-Oct-1994,0.0159717695096987,-0.0125787822068601,-0.00783057911518856,0.000280433543532689
04-Nov-1994,-0.0188770557696892,0.0151841353250401,-0.00280392733273426,-0.00951421593791233
11-Nov-1994,-0.00320513094894834,-0.00843547882110158,-0.00601807232556302,0.00668125590126778
18-Nov-1994,-0.00330545700872648,0.000699755114273265,-0.0117689835999989,0.00978344953923349
25-Nov-1994,-0.0217344921460061,-0.00702461493696447,0.0108410231778748,-0.0150430025113713
02-Dec-1994,0.000299955008997942,0.000999500333083423,0.00119928057548219,0.00849002094445089
09-Dec-1994,-0.019080887812792,-0.016739324004298,0.0101483310518151,0.00559087050943478
16-Dec-1994,0.0241070753432331,-0.00722604509173958,-0.00320513094894834,0.00898601896732386
23-Dec-1994,0.00508703904855721,0.00886062843219647,-0.00280392733273426,0.00358470461418186
30-Dec-1994,0.00159872136369707,0.0193123110323729,-0.000500125041682243,0.0043698998644273
06-Jan-1995,0.00169855663558151,-0.0121738009317088,0.0182327682610597,-0.0212931122641845
13-Jan-1995,0.0106431600984798,-0.00300450902029872,0.00129915573162013,0.00457872867605821
20-Jan-1995,-0.00220242355520004,0.00468898948613147,-0.00964637705180545,0.00738810032893491
27-Jan-1995,0.0078689583786952,-0.0122750308756126,0.000899595242835994,-0.000709187588413342
03-Feb-1995,0.0174469136037207,-0.0122750308756126,0.00139902091370741,-0.00301048201244021
10-Feb-1995,0.00826574441703259,0.0108410231778748,-0.00772979806194127,-0.00280370272203694
17-Feb-1995,-0.000300045009001992,-0.00370686193132651,0.00657831536012251,0.00159085605926913
24-Feb-1995,0.0094551587707552,-0.00652121699026546,0.00866237307865259,0.000197390126521876
03-Mar-1995,-0.00330545700872648,0.00747201483870106,-0.0105555139395166,0.0076802398523989
10-Mar-1995,0.00468898948613147,-0.00843547882110158,-0.00762902716449116,0.00408042433646887
17-Mar-1995,0.0094551587707552,-0.0043092715880984,-0.00561573878563575,0.00748419375689342
24-Mar-1995,0.0089597413714718,-0.00531409482376877,-0.00230264906267556,0.00498941415990803
31-Mar-1995,0.000899595242835994,0.00528600442923744,0.0135083500247923,-0.0233267441054399
07-Apr-1995,0.00707491367196198,-0.0117689835999989,0.0140015196358136,0.00257752420660464
13-Apr-1995,0.00727348396649847,0.00687630393943206,-0.00250313021811848,0.00806979264194922
21-Apr-1995,-0.00491204436102064,-0.00380723834295407,0.015282623531157,-0.00502072356504733
28-Apr-1995,0.0114343776256632,0.00249688019858715,-0.00501254182354429,0.00677840668258729
05-May-1995,0.00677698427902367,-0.0117689835999989,0.0017983819413794,0.00985882533994334
12-May-1995,0.0127187724077746,-0.001100605444033,0.00647896609770907,-0.0158409228378805
19-May-1995,-0.0106565801885289,0.0134096869099177,0.00259662584726591,0.00429346784179703
26-May-1995,0.00677698427902367,-0.00581688532156485,0.00409161790325356,0.00496920663021151
02-Jun-1995,0.0135083500247923,-0.0124775215111126,0.00717420374800045,-0.00612961603599346
09-Jun-1995,-0.00581688532156485,0.0211742352314066,-0.0143017847108596,-0.00310488056759973
16-Jun-1995,0.0213700257361925,-0.00130084573304807,-0.0133892371190161,0.0096878277669174
23-Jun-1995,0.0176434351725953,-0.00752826642079152,-0.00290421314738983,0.0206314462933243
30-Jun-1995,-0.00833463679005763,0.0112366319259878,0.00199800266267306,-0.00492820356018587
07-Jul-1995,0.0218593343528935,-0.00682322534812554,0.00369317183761761,-0.0041047340859877
14-Jul-1995,0.00836491633162767,0.0144944461504525,-0.0111620647061919,0.0105782671104013
21-Jul-1995,-0.0142003494011414,0.00279608730200119,0.000199980002666245,-0.00425750881176777
28-Jul-1995,0.0211742352314066,0.00647896609770907,-0.00954541284353139,0.022811097628088
04-Aug-1995,-0.00803217169726427,0.00498754151103897,0.0135083500247923,-0.00481999004385151
11-Aug-1995,-0.00320513094894834,0.0098513160503742,-0.00400802139753882,0.00347781214342847
18-Aug-1995,0.0115332358136731,0.00677698427902367,-0.00501254182354429,0.00907460164590788
25-Aug-1995,0,0,0.00677698427902367,-0.00333534699292688
01-Sep-1995,0.00637960696403899,-0.00451015547788602,0.0198026272961797,-0.00602784968308472
08-Sep-1995,0.0189198848525108,0.00608147031586795,-0.0106565801885289,0.0171512148615811
15-Sep-1995,0.0130149370774948,-0.0132878943269354,0.00149887612373595,-0.00234989072666854
22-Sep-1995,-0.00350613932928759,-0.001100605444033,-0.0172478934095534,0.00193690935200543
29-Sep-1995,0.00149887612373595,-0.0108587433348759,0.0143958802837323,0.0047858739071041
06-Oct-1995,-0.00984833605481441,-0.0222456089473197,0.0141001243787816,0.00367862835584754
13-Oct-1995,0.00419120461846805,-0.00762902716449116,0.00628023795715046,0.0159320974279167
20-Oct-1995,0.00339423306801562,0.000999500333083423,-0.0139975096438537,0.0152084029479527
27-Oct-1995,-0.016739324004298,-0.0121738009317088,-0.00521356705288743,0.00687184885195481
03-Nov-1995,0.0220549907808313,0.00169855663558151,-0.0107576566529602,-0.00112842814615509
10-Nov-1995,0.00249688019858715,0.00339423306801562,-0.00150112612626709,-0.00124592652310743
17-Nov-1995,0.00707491367196198,-0.0103534120794916,0.004489905272852,-0.00601054793815092
24-Nov-1995,-0.00300450902029872,-0.00803217169726427,0.0155780299633185,-0.0110206921896509
01-Dec-1995,0.0144944461504525,0.0066776547532405,-0.00581688532156485,0.0127641356684351
08-Dec-1995,0.0113355096637457,-0.00793137032628028,-0.00380723834295407,0.00857247442537384
15-Dec-1995,-0.00702461493696447,0.00159872136369707,0.00588266315815551,-0.00391919323502436
22-Dec-1995,-0.00340579313483282,0.00757126549631813,0.00528600442923744,0.00194054376665643
29-Dec-1995,0.00776973726436069,0.00289580311202547,-0.00180162194662821,0.0101714732747879
05-Jan-1996,-0.00481155699722208,-0.00200200267067308,0.00578324475572736,-0.0268359189160022
12-Jan-1996,-0.0234733561856421,0.00119928057548219,0.0078689583786952,0.00865241767160879
19-Jan-1996,0.0127187724077746,-0.0165359686400995,-0.00120072057651888,0.02043434273164
26-Jan-1996,0.0165620882989782,0.00159872136369707,-0.0102523764643514,0.00628142589299778
02-Feb-1996,0.02244618882983,-0.00410842804454319,-0.00833463679005763,0.00087722841256295
09-Feb-1996,0.0266419309464211,-0.0179603253769929,-0.00712532494258863,0.00419761228919479
16-Feb-1996,-0.00823380492710354,0.0110388471152164,0.00608147031586795,-0.00122248969192574
23-Feb-1996,0.0159717695096987,-0.00410842804454319,-0.0134905901824991,0.00447989936647662
01-Mar-1996,-0.0204068097776626,0.0159717695096987,0.0157749191153622,0.00229532476303963
08-Mar-1996,-0.0156213809029568,0.00109939544330106,-0.00270365157431482,-0.0177998244082864
15-Mar-1996,0.0141001243787816,0.00628023795715046,-0.0103534120794916,-0.0107305672825824
22-Mar-1996,0.0113355096637457,0,0.0066776547532405,0.0103854801863562
29-Mar-1996,-0.00521356705288743,0.0117309228756987,0.00905884448834615,-0.00160669312878865
04-Apr-1996,0.0139029051689914,-0.000800320170769155,-0.00340579313483282,0.00936412216531951
12-Apr-1996,-0.027371196796132,0.0199986865066891,-0.00531409482376877,-0.0212146312482949
19-Apr-1996,0.0147900854726353,0.0116320842297077,-0.0142003494011414,0.00079487873035055
26-Apr-1996,0.0177416814761571,0.0131136391453832,-0.0152151658064804,-0.00733553720009537
03-May-1996,-0.0138961051921114,0.0199006617063362,-0.000500125041682243,-0.00813028147206856
10-May-1996,0.0136070034062169,-0.00290421314738983,-0.00220242355520004,0.0154472743419852
17-May-1996,0.0258626595257274,0.00229735904868346,-0.00954541284353139,0.0060936954008406
24-May-1996,0.011137744410456,0.00419120461846805,-0.00100050033358353,0.0110774487983874
31-May-1996,-0.0127813343647332,0.00856323066048781,0.000699755114273265,-0.00901887866345614
07-Jun-1996,0.00169855663558151,-0.013591953519467,-0.00160128136697388,0.00508059563270397
14-Jun-1996,-0.0105555139395166,0.00159872136369707,0.00955421280481171,0.00358952532154729
21-Jun-1996,-0.00863719339566359,-0.0249076357061848,0.00578324475572736,-0.00524255165343494
28-Jun-1996,0.00578324475572736,0.000299955008997942,0.00209779808214612,0.0149429529718298
05-Jul-1996,-0.01999864650669,0.00468898948613147,0.00796816964917688,-0.00263157801692946
12-Jul-1996,-0.0265493352335365,-0.0295318026060379,0.0288789595503768,-0.00263101128765967
19-Jul-1996,-0.0107576566529602,0.00399202126953746,-0.00190180728959633,0.0133565316764197
26-Jul-1996,-0.0087380659432853,-0.0193867138001901,0.00846407841212936,-0.00721875218909733
02-Aug-1996,0.0380662008064563,-0.0128826258310137,-0.00904074465214907,0.00807429497411668
09-Aug-1996,-0.000600180072032461,0.00767050630421974,-0.000100005000333347,-0.010326924461378
16-Aug-1996,0.00608147031586795,-0.00330545700872648,0.00767050630421974,0.00667308980563799
23-Aug-1996,0.00299550897979837,0.00419120461846805,0.00189819728308027,-0.00320588646627505
30-Aug-1996,-0.0155198116580368,0.0243998868235351,-0.0014009809156281,-0.000905885583495857
06-Sep-1996,0.00279608730200119,0,0.00169855663558151,0.0100826942037135
13-Sep-1996,0.0334347760862374,-0.0151136378100482,-0.0144032303107437,0.017559569545251
20-Sep-1996,0.00856323066048781,-0.00200200267067308,-0.0111620647061919,-0.0119290344015724
27-Sep-1996,0.00189819728308027,0.0078689583786952,-0.00904074465214907,0.0125773476585906
04-Oct-1996,0.0186254641231648,-0.0143017847108596,0.00767050630421974,0.0122751543414814
11-Oct-1996,-0.00330545700872648,-0.000200020002667045,0.00598207167754747,0.000183581618868728
18-Oct-1996,0.00935609492402503,-0.0131865618041756,0.00767050630421974,0.00956835095656799
25-Oct-1996,-0.016739324004298,-0.00280392733273426,0.0209784063851918,0.00658197155357718
01-Nov-1996,0.000399920021326891,-0.016739324004298,0.0108410231778748,0.00188280593433863
08-Nov-1996,0.0326607822395483,-0.0206109539041243,-0.0089398415694743,0.00389053137207729
15-Nov-1996,0.00776973726436069,-0.00481155699722208,0.00488803407277587,-0.0120425702529046
22-Nov-1996,0.011137744410456,-0.0101513510563754,0.0145930023029001,-0.00623742566351196
29-Nov-1996,0.0105442138756711,9.99950003332973e-05,-0.000100005000333347,-0.000206656423968007
06-Dec-1996,-0.0184695162836613,0.0206845911928326,-0.000200020002667045,-0.0144379882999788
13-Dec-1996,-0.0145046862028817,0.0130149370774948,0.00299550897979837,-0.00543573983582333
20-Dec-1996,0.0199986865066891,-0.0186732652656213,0.00608147031586795,0.0196310981858769
27-Dec-1996,0.00826574441703259,-0.00621929981391683,-0.00120072057651888,-0.00480620332360596
03-Jan-1997,-0.0069239150728242,0.0191161171922301,-0.00531409482376877,-0.00502262535650395
10-Jan-1997,0.015085637418041,0.000399920021326891,-0.00471107973011922,0.0143742610551932
17-Jan-1997,0.0177416814761571,-0.0121738009317088,0.00189819728308027,0.00787434170584501
24-Jan-1997,-0.00571630699610919,0.00538547227633789,-0.000100005000333347,-0.0024260030442365
31-Jan-1997,0.0146915487429897,-0.00904074465214907,-0.00672254576082681,0.0067715324353156
07-Feb-1997,0.000199980002666245,-0.0105555139395166,0.0130149370774948,0.00508419087251403
14-Feb-1997,0.0197045832743354,-0.0206109539041243,0.0108410231778748,-0.00627380376789276
21-Feb-1997,-0.0105555139395166,0.00239712459972145,0.0161685811615837,-0.0100414570984655
28-Feb-1997,-0.0142003494011414,-0.00130084573304807,0.0120273802127185,-0.0145601551500651
07-Mar-1997,0.0162669724638719,-0.00823380492710354,0.00578324475572736,0.016058867960068
14-Mar-1997,-0.0155198116580368,0.00139902091370741,0.0094551587707552,-0.0125626149236588
21-Mar-1997,-0.0164343064634248,-0.0111620647061919,0.0156764793850076,0.00498516000533406
27-Mar-1997,-0.0131865618041756,0.00687630393943206,-0.00200200267067308,0.00219055151941543
04-Apr-1997,-0.0218366946091744,0.00159872136369707,-0.00230264906267556,0.00612728402016135
11-Apr-1997,-0.0233709863232402,0.0173486383346131,0.0109399400383343,-0.00312999251924902
18-Apr-1997,0.0283930745012178,-0.0275767677702345,0.00359353551013022,0.018049410623552
25-Apr-1997,-0.00823380492710354,-0.0114654781092781,0.00508703904855721,0.0154928177136681
02-May-1997,0.059211859631846,-0.0159261505502593,-0.0182658088068925,-0.0132459613317507
09-May-1997,0.0155780299633185,0.00767050630421974,-0.00954541284353139,-0.0093303221220549
16-May-1997,0.00628023795715046,0.00468898948613147,-0.00130084573304807,-0.00741805796297745
23-May-1997,0.0202927032677624,0.00727348396649847,-0.0112631922787107,-0.0062206071276135
30-May-1997,0.00419120461846805,0.0100493358530014,-0.00260338587011493,-0.0132416450653116
06-Jun-1997,0.0117309228756987,0.00528600442923744,0.00737275432941316,0.00397928538719868
13-Jun-1997,0.0328543368709473,-0.0255229572310859,0.0061808590750811,0.00927790759544763
20-Jun-1997,0.00697561373642514,0.000299955008997942,-0.00130084573304807,0.00559118318774264
27-Jun-1997,-0.0106565801885289,0.0156764793850076,0.0061808590750811,0.00647922802953657
03-Jul-1997,0.0278097006392672,-0.0131865618041756,-0.00481155699722208,0.00906999285645952
11-Jul-1997,0.00379279823869626,0.0123237496888319,-0.00290421314738983,0.00568730878980818
18-Jul-1997,0.00129915573162013,0.0133110140596724,-0.00702461493696447,0.00926007838039719
25-Jul-1997,0.0202927032677624,-0.0147076288722743,0.000599820071967549,0.00677892524201146
01-Aug-1997,0.00995033085316809,-0.00190180728959633,0.0180363624860986,7.29056033578679e-05
08-Aug-1997,-0.0122750308756126,0.0194103935198234,-0.0014009809156281,-0.0109189875063616
15-Aug-1997,-0.0286052570103344,0.0159717695096987,0.0140015196358136,-0.00964240184329549
22-Aug-1997,0.0201947072855193,-0.00440970848870007,-0.00813298323018899,0.00555013273063398
29-Aug-1997,-0.0157229604652362,0.0355601753985509,0.00608147031586795,-0.00761780488402163
05-Sep-1997,0.0286846338599089,-0.00682322534812554,-0.001100605444033,0.00776602594187394
12-Sep-1997,-0.000900405243164155,0.0198026272961797,0.00687630393943206,-0.00402737760723148
19-Sep-1997,0.0247901688072187,-0.0112631922787107,-0.00170144663975757,0.0156221692144634
26-Sep-1997,-0.00400802139753882,0.0154795708483864,-0.00451015547788602,-0.00471807481234226
03-Oct-1997,0.0194103935198234,0.000999500333083423,0.000899595242835994,0.00926994231623952
10-Oct-1997,0.00468898948613147,0.0121261797978406,-0.00581688532156485,0.00428408224344045
17-Oct-1997,-0.0259333820265044,-0.0101513510563754,0.015282623531157,-0.0180411220233925
24-Oct-1997,-0.00260338587011493,-0.00170144663975757,0.00399202126953746,0.00585925910647142
31-Oct-1997,-0.0319035490130083,-0.00190180728959633,0.00399202126953746,0.00478440920193834
07-Nov-1997,0.0106431600984798,-0.00954541284353139,-0.00150112612626709,0.0112353361775283
14-Nov-1997,-0.00410842804454319,-0.0114654781092781,0,-0.00454767240111369
21-Nov-1997,0.0310140535291695,-0.021938907518754,-0.00100050033358353,0.00577721080224932
28-Nov-1997,-0.00823380492710354,-0.00772979806194127,0.011137744410456,-0.000906648305390492
05-Dec-1997,0.0272259862535915,-0.017756721589259,0.00209779808214612,0.0206512308020771
12-Dec-1997,-0.0340739803337514,-0.00803217169726427,0.0279069532530079,0.00808401125703431
19-Dec-1997,-0.00672254576082681,-0.00621929981391683,0.00429078141715625,0.00348096926406645
26-Dec-1997,-0.00934351500315247,0.00905884448834615,0.0105442138756711,0.00158186177890106
02-Jan-1998,0.0373921192170627,-0.00130084573304807,-0.0174513936137559,-0.00243287470604978
09-Jan-1998,-0.0505567236171523,0.00359353551013022,0.00299550897979837,-0.00501109535432668
16-Jan-1998,0.0331445985923021,-0.00904074465214907,-0.00320513094894834,0.00947849752318211
23-Jan-1998,-0.0043092715880984,0.00279608730200119,-0.00501254182354429,-0.00361559703593118
30-Jan-1998,0.0208804775793551,-0.0089398415694743,-0.00400802139753882,-0.00292841937282981
06-Feb-1998,0.0326607822395483,-0.00100050033358353,-0.00833463679005763,-0.0121162465860161
13-Feb-1998,0.0098513160503742,0.00826574441703259,0.00508703904855721,-0.00230193650133294
20-Feb-1998,0.0108410231778748,-0.00954541284353139,0.000599820071967549,0.00069459206195225
27-Feb-1998,0.0144944461504525,0.00239712459972145,0.00149887612373595,0.000884211194737745
06-Mar-1998,0.00548493023056975,-0.00471107973011922,0.0142973047008244,0.00247442846947416
13-Mar-1998,0.0128175037106143,-0.00190180728959633,-0.000400080021339691,0.00169294398248951
20-Mar-1998,0.0241070753432331,-0.0176549352387207,0.00806737107775879,0.00728187544301241
27-Mar-1998,-0.00200200267067308,0.0125212805536717,-0.00762902716449116,0.00316495874406157
03-Apr-1998,0.0216636396360264,-0.0021022080918702,-0.00944445882799969,0.0153539939753365
09-Apr-1998,-0.0107576566529602,-0.00360649559411174,0.0171520588175657,-0.00110860703411841
17-Apr-1998,0.0123237496888319,0.000199980002666245,0.00518652668730015,0.00248411221194314
24-Apr-1998,-0.0143017847108596,0.0105442138756711,-0.00581688532156485,-0.00951975352926713
01-May-1998,0.00935609492402503,-0.00501254182354429,-0.00380723834295407,0.00543051458904369
08-May-1998,-0.0104544579038589,-0.000100005000333347,0.00568381646829771,-0.00942022790867624
15-May-1998,-0.00410842804454319,-0.0137947110221893,0.0134096869099177,0.0154654628953291
22-May-1998,-0.00501254182354429,-0.0176549352387207,0.0106431600984798,0.013064659084875
29-May-1998,-0.0176549352387207,-0.00220242355520004,0.0100493358530014,0.00968247063326211
05-Jun-1998,0.0148886124937506,-0.0250101630041678,0.00518652668730015,0.0167574148005649
12-Jun-1998,-0.0158245503469715,-0.00934351500315247,-0.00230264906267556,0.027010010399515
19-Jun-1998,0.000899595242835994,-0.00461061255768329,-0.00793137032628028,0.0180602104417547
26-Jun-1998,0.0278097006392672,-0.00150112612626709,-0.013591953519467,0.00409092472297176
02-Jul-1998,0.0124225199985571,-0.00310481495347876,0.00269636154774253,0.00927758288547714
10-Jul-1998,0.0136070034062169,-0.010959840236342,-0.0105555139395166,0.0234139454071938
17-Jul-1998,0.0168571170664228,-0.00330545700872648,-0.0185713855854353,0.00759799201089487
24-Jul-1998,-0.0425943976324205,-0.00732677538646086,0.00558437829390066,0.0184425569707187
31-Jul-1998,-0.0222456089473197,-0.0230639395985517,0.00846407841212936,-0.00873434599277656
07-Aug-1998,-0.0256255476389727,0.0118297517535772,0.00588266315815551,-0.0117293377887871
14-Aug-1998,-0.0258307600345215,-0.00571630699610919,0.00598207167754747,0.00426631510499377
21-Aug-1998,0.0078689583786952,-0.0302530431710209,-0.00732677538646086,0.0179577151038269
28-Aug-1998,-0.0621946035931178,-0.0383251143216679,0.011137744410456,0.0321685586023323
04-Sep-1998,-0.0535062675231412,0.00905884448834615,0.00558437829390066,-0.0179425905857067
11-Sep-1998,0.0308201423398864,-0.0184695162836613,-0.0105555139395166,-0.00344338591030664
18-Sep-1998,0.0160701801774945,-0.00150112612626709,0.0066776547532405,-0.00101772628144537
25-Sep-1998,0.0207825391825284,-0.0112631922787107,-0.0087380659432853,-0.000125938111267996
02-Oct-1998,-0.043429557927336,-0.00611868100817718,0.017839918128331,0.0207370121576815
09-Oct-1998,-0.0340739803337514,-0.0692429027421607,0.00628023795715046,0.0176304555803853
16-Oct-1998,0.0733433942242096,-0.00581688532156485,-0.0280908801665256,-0.0124716622765882
23-Oct-1998,0.0194103935198234,0.062880898039201,-0.0178585183013132,-0.0556008011160146
30-Oct-1998,0.0290732474857072,0.00498754151103897,-0.00320513094894834,-0.0229304619675619
06-Nov-1998,0.0412379080162448,0.0206845911928326,-0.010959840236342,-0.0367296148287533
13-Nov-1998,-0.0143017847108596,-0.00924258136693254,0.00598207167754747,0.0275498366658311
20-Nov-1998,0.0301411569119868,-0.0185713855854353,-0.0160277610771973,0.0221074713106183
27-Nov-1998,0.0248877155077789,0.00468898948613147,-0.0153167041118933,0.0119583143478799
04-Dec-1998,-0.0134905901824991,0.00139902091370741,0.00379279823869626,0.0278849885752304
11-Dec-1998,-0.0108587433348759,0.00379279823869626,-0.00883894866720439,0.0243127386485407
18-Dec-1998,0.0160701801774945,-0.0142003494011414,-0.00742751582879658,0.0358866282168439
24-Dec-1998,0.0315955615897506,-0.00621929981391683,-0.0211214966221114,0.0206477071016033
31-Dec-1998,0.0120273802127185,0.0265445552221122,-0.00400802139753882,-0.0119997313301617
08-Jan-1999,0.0336281809799841,-0.00974735145488007,0.00309520490730252,-0.0446488606690265
15-Jan-1999,-0.0233709863232402,0.0199986865066891,-0.00541463270149884,0.0103568001952775
22-Jan-1999,-0.0147076288722743,0.00935609492402503,-0.00330545700872648,0.00595439252729406
29-Jan-1999,0.0387398283159306,-0.019080887812792,-0.0336602014926352,0.0458891893956986
05-Feb-1999,-0.0324198912561113,-0.00451015547788602,0.00568381646829771,-0.0278933244423778
12-Feb-1999,-0.0122750308756126,-0.0207130415975416,0.000199980002666245,0.0158447397647533
19-Feb-1999,0.00329456694943011,-0.0293258293818287,0.0102473164515495,0.0041934789883711
26-Feb-1999,-0.000100005000333347,-0.00360649559411174,-0.00360649559411174,0.0071489223185623
05-Mar-1999,0.0264471700148482,-0.0243951568347216,-0.00310481495347876,0.00135607038893574
12-Mar-1999,0.0134096869099177,-0.0118701725704874,-0.00672254576082681,-0.0135410331607534
19-Mar-1999,0.00159872136369707,-0.0139975096438537,0.00339423306801562,-0.00115826232046867
26-Mar-1999,-0.0123762710680554,0.00826574441703259,-0.00440970848870007,-0.0141492721033611
01-Apr-1999,0.0098513160503742,0.00319489089651929,-0.0176549352387207,0.0187951120708895
09-Apr-1999,0.0369103540200972,-0.00833463679005763,-0.0209172482553883,0.0259196904695878
16-Apr-1999,-0.0154182527283806,0.0332413337798019,0.0366211834556454,-0.0887669847013408
23-Apr-1999,0.0280041964095973,-0.00451015547788602,-0.00783057911518856,-0.00453680087576478
30-Apr-1999,-0.0127813343647332,0.0169554406494134,0.0140015196358136,-0.0409810289766669
07-May-1999,0.00349388925425584,-0.0110609473594249,0.0197045832743354,-0.0268131693669673
14-May-1999,-0.00130084573304807,0.0238141780992549,-0.00591747376403762,-0.00260372592883156
21-May-1999,-0.00370686193132651,0.0192142189238044,0.00588266315815551,-0.0226295095601883
28-May-1999,-0.0230639395985517,9.99950003332973e-05,0.00707491367196198,-0.000855641873468049
04-Jun-1999,0.0142973047008244,-0.00581688532156485,-0.00863719339566359,0.00872828696597815
11-Jun-1999,-0.02408779552909,0.019018005835762,0.00727348396649847,0.00035847998919243
18-Jun-1999,0.0319830458530507,-0.0188770557696892,-0.00934351500315247,0.0152611418320264
25-Jun-1999,-0.0183676573581849,0.0231304173888545,-0.000300045009001992,0.00934394190501034
02-Jul-1999,0.0557184887563437,-0.00120072057651888,-0.0290169490704926,0.0241016765121838
09-Jul-1999,0.00677698427902367,0.0061808590750811,-0.0107576566529602,0.0111701900612249
16-Jul-1999,0.0112366319259878,0.0112366319259878,-0.010959840236342,0.00507157085155088
23-Jul-1999,-0.0445790433979674,0.000199980002666245,0.0220549907808313,-0.00727374717870786
30-Jul-1999,-0.0223478636639076,0.0146915487429897,0.000799680170564244,0.00575401400427495
06-Aug-1999,-0.0291198985738521,-0.0155198116580368,0.0194103935198234,-0.00253327722636693
13-Aug-1999,0.0207825391825284,-0.0127813343647332,-0.00180162194662821,0.0200230102778567
20-Aug-1999,0.00558437829390066,0.00159872136369707,-0.00833463679005763,-0.00443798937674076
27-Aug-1999,0.00935609492402503,0.00419120461846805,-0.021938907518754,0.0208037505147681
03-Sep-1999,0.00737275432941316,0.00598207167754747,-0.0150121201205036,0.0233702463479791
10-Sep-1999,-0.00170144663975757,0.0176434351725953,-0.00180162194662821,0.021625215363416
17-Sep-1999,-0.0145046862028817,0.00109939544330106,0.00109939544330106,0.00456293141654157
24-Sep-1999,-0.0423857164964378,0.00796816964917688,-0.00621929981391683,-0.000750138271795068
01-Oct-1999,0.00129915573162013,0.0135083500247923,-0.0183676573581849,0.00717185516242559
08-Oct-1999,0.0397974698740661,-0.0318003125497978,-0.0178585183013132,0.0211112531545395
15-Oct-1999,-0.0629397997738741,0.0256677467485778,0.0170537545658276,0.00220098939831415
22-Oct-1999,0.0382587121170903,-0.0301499769508832,-0.0201006717070029,0.0223542036995866
29-Oct-1999,0.0458334163431722,-0.0313874732416327,-0.0122750308756126,0.0072025866451119
05-Nov-1999,0.0141001243787816,0.021467906615241,-0.0171461588349705,0.017645048976917
12-Nov-1999,0.017938145131013,0.0133110140596724,-0.0182658088068925,0.0231034384362543
19-Nov-1999,0.0223484036637618,0.0212721352755398,-0.0222456089473197,-0.000850689786179566
26-Nov-1999,-0.00200200267067308,0.0128175037106143,-0.0163326546208976,0.00915710930681651
03-Dec-1999,0.0130149370774948,-0.00160128136697388,-0.00631992874481935,0.0297600243361132
10-Dec-1999,-0.0014009809156281,0.0317893224894073,-0.0353163451275676,0.0372468942217037
17-Dec-1999,0.00119928057548219,0.000999500333083423,-0.000800320170769155,0.0275251224581628
23-Dec-1999,0.029461710149619,0.00478851673179709,-0.0205088766315404,0.0136622178508443
31-Dec-1999,0.0122249696225689,0.0344014267173323,-0.00581688532156485,0.00452817804339308
07-Jan-2000,-0.0252152491410638,-0.00853633102228634,0.0175451792157489,-0.0342190988891612
14-Jan-2000,0.0204886664273156,0.0192142189238044,-0.0121738009317088,0.0156423965402095
21-Jan-2000,0.000199980002666245,0.0675651861624239,-0.0290169490704926,0.0516422207007208
28-Jan-2000,-0.0587950465105055,0,0.0199006617063362,-0.0293564972913571
04-Feb-2000,0.0436340370200613,0.015085637418041,-0.030871663667087,0.0369846407433623
11-Feb-2000,-0.0146061523893621,0.0662557957770653,-0.0373903892185591,0.0533706009937248
18-Feb-2000,-0.019080887812792,0.0480279690105815,-0.00652121699026546,0.0189706684269452
25-Feb-2000,0.00289580311202547,0.02557027611153,-0.0153167041118933,0.0405677426310644
03-Mar-2000,0.06259914175652,0.0311109950250527,-0.0232686269393543,0.0628167127263028
10-Mar-2000,-0.00330545700872648,0.0199006617063362,0.000499875041650993,0.0269479729588274
17-Mar-2000,0.0174469136037207,-0.113392687355091,0.0357531697058178,-0.102217326529882
24-Mar-2000,0.0307231726428405,-0.0410303495579919,0.00876150566857267,0.0120513818177346
31-Mar-2000,-0.0334533762592196,-0.0530843710924553,0.041045969436001,-0.05355884735417
07-Apr-2000,0,-0.0134905901824991,0.00846407841212936,-0.0161163903822195
14-Apr-2000,-0.147804194768394,-0.0989367478600236,0.0866363066595467,-0.169348644455655
20-Apr-2000,0.0594945717856397,0.0228372339027571,-0.0297378182639564,0.0630432067935893
28-Apr-2000,0.0226417304808246,0.0218593343528935,0.00757126549631813,0.0296836788061798
05-May-2000,-0.013591953519467,0.0185273046138836,-0.00250313021811848,-0.00568476132798309
12-May-2000,-0.0207130415975416,-0.0432207024545634,0.0351740750076541,-0.0504291582232329
19-May-2000,-0.0151136378100482,-0.017756721589259,0.0136070034062169,-0.0114245875084696
26-May-2000,-0.0309748042994305,-0.0239853627505113,-0.000400080021339691,-0.0384558105784389
02-Jun-2000,0.0885601769794802,0.0382587121170903,-0.0656057570979938,0.0735522845530177
09-Jun-2000,-0.00652121699026546,0.0449733656427312,-0.0106565801885289,0.036118586695273
16-Jun-2000,-0.00170144663975757,0.00289580311202547,-0.00783057911518856,0.0346295571286318
23-Jun-2000,-0.0115666363714654,0.016463726030665,-0.00793137032628028,0.0234743978712714
30-Jun-2000,0.0119285708652738,0.0433468045033659,-0.0265493352335365,0.019586274769423
07-Jul-2000,0.0157749191153622,-0.0157229604652362,0.0174469136037207,-0.00524179283895135
14-Jul-2000,0.0273232956488904,0.000899595242835994,-0.00924258136693254,0.00825798287839016
21-Jul-2000,-0.0243951568347216,0.00189819728308027,0.0143958802837323,-0.00196466286852885
28-Jul-2000,-0.0555127099302588,-0.0220411308768803,0.0588347857208926,-0.0266318835557566
04-Aug-2000,0.0317893224894073,-0.0270629195496891,0.0154795708483864,0.00595154220687496
11-Aug-2000,0.00458945233380722,-0.00280392733273426,0.0187236139981025,-0.0132911383801233
18-Aug-2000,0.0141001243787816,0.00319489089651929,-0.0111620647061919,0.0136205330364763
25-Aug-2000,0.0123237496888319,0.0127187724077746,-0.02408779552909,0.0292730382010114
01-Sep-2000,0.0189198848525108,0.0110388471152164,-0.0142003494011414,0.019110864683806
08-Sep-2000,-0.0227569871226162,-0.00631992874481935,0.034594644764499,-0.0118623432971363
15-Sep-2000,-0.0189789665978029,0.00259662584726591,0.017938145131013,0.0132290352927494
22-Sep-2000,-0.0111620647061919,-0.00521356705288743,-0.00631992874481935,0.0258064755631459
29-Sep-2000,-0.00712532494258863,-0.00652121699026546,0.0197045832743354,-0.000717554450623447
06-Oct-2000,-0.0380134421982162,-0.0159261505502593,0.0338215484755107,-0.0170633738414013
13-Oct-2000,-0.0270629195496891,-0.001100605444033,0.00995033085316809,0.0312722108121088
20-Oct-2000,0.0192142189238044,-0.00511304938682301,-0.023882940463332,-0.00127056169661084
27-Oct-2000,-0.0174513936137559,-0.00642056780292269,0.0324671901375014,-0.0493285785754982
03-Nov-2000,0.0398935636616766,0.0135083500247923,-0.0189789665978029,-0.01349254832591
10-Nov-2000,-0.0563587336693842,-0.0107576566529602,0.0519280928603591,0.00650652145295107
17-Nov-2000,-0.00390762483101708,-0.000200020002667045,0.0204886664273156,0.00753786579821951
24-Nov-2000,-0.0266520309974265,-0.00420884477405468,0.0207825391825284,0.00327421017414294
01-Dec-2000,-0.0275767677702345,-0.0214279474136204,0.0367175829351629,0.0287426789032226
08-Dec-2000,0.0516432331518384,-0.00843547882110158,-0.0175531592475892,0.0300021620385993
15-Dec-2000,-0.0487701643694293,-0.000900405243164155,0.0323703800304506,-0.00965997465051139
22-Dec-2000,-0.0114654781092781,-0.0151136378100482,0.0471698044763899,0.0358919366300626
29-Dec-2000,0.0151841353250401,0.0188217542405877,0.0125212805536717,0.0213094192934278
05-Jan-2001,-0.0270629195496891,0.0125212805536717,0.00538547227633789,-0.123763532702519
12-Jan-2001,0.02557027611153,0.0366211834556454,-0.0409261666126458,-0.0664809620295198
19-Jan-2001,0.0161685811615837,0.00965325702813835,-0.0274739770007551,-0.0500495656464104
26-Jan-2001,0.00965325702813835,-0.00772979806194127,0.0171520588175657,0.0221855185506897
02-Feb-2001,-0.00712532494258863,0.00419120461846805,0.0280041964095973,0.0106710571934365
09-Feb-2001,-0.0276795691067424,0.00935609492402503,0.0360425913469293,0.0645251749971503
16-Feb-2001,-0.00863719339566359,0.00478851673179709,0.0168571170664228,0.00773252163987054
23-Feb-2001,-0.0467771915589289,-0.00410842804454319,0.0243998868235351,0.0213295943841112
02-Mar-2001,-0.0128826258310137,-0.00904074465214907,0.0351740750076541,0.0394573086767686
09-Mar-2001,-0.00511304938682301,-0.00974735145488007,0.0280041964095973,0.0230527402578025
16-Mar-2001,-0.0716034188596928,0.00239712459972145,0.0248877155077789,0.0185495319242277
23-Mar-2001,-0.0087380659432853,0.00886062843219647,-0.0170444346092585,-0.0314274198680794
30-Mar-2001,0.0149871298082482,-0.000200020002667045,0.0193123110323729,0.0496524922084528
06-Apr-2001,-0.0329365002462648,-0.0128826258310137,0.0145930023029001,0.0340698978104501
12-Apr-2001,0.0512632939375415,-0.000200020002667045,-0.0361454466363533,-0.0686357128103534
20-Apr-2001,0.0506931143155182,-0.0127813343647332,-0.0336602014926352,-0.0803111352500505
27-Apr-2001,0.00677698427902367,0.0240094524603519,0.0118297517535772,0.0364932921430606
04-May-2001,0.0156764793850076,0.0141001243787816,-0.0125787822068601,-0.0403959750040251
11-May-2001,-0.0176549352387207,0.00905884448834615,0.0217614917815127,0.0250745006654892
18-May-2001,0.0365247746823722,0.000599820071967549,-0.0069239150728242,-0.0106463746540127
25-May-2001,-0.00672254576082681,0.0170537545658276,-0.00571630699610919,-0.025340139803617
01-Jun-2001,-0.0156213809029568,-0.00130084573304807,0.0243998868235351,0.0419236247374728
08-Jun-2001,0.00508703904855721,0.0141987193998129,-0.017349638335113,-0.0210453447470412
15-Jun-2001,-0.04468360762664,0.00478851673179709,0.026349775322782,0.051395045705318
22-Jun-2001,0.00598207167754747,-0.0179603253769929,0.00429078141715625,0.0133188689987114
29-Jun-2001,0.00856323066048781,0.0521179542621068,-0.0241902388012177,-0.0343565514113622
06-Jul-2001,-0.0323166014765431,-0.0269601815827831,0.0272259862535915,0.0381246589349937
13-Jul-2001,0.0184291354683671,-0.01197137178122,0.0192142189238044,-0.00895152306942346
20-Jul-2001,-0.00652121699026546,0.0089597413714718,0.0021975835434872,0.0251575093472911
27-Jul-2001,-0.00491204436102064,-0.0106565801885289,0.00538547227633789,-0.00689227630161067
03-Aug-2001,0.00687630393943206,-0.00150112612626709,0.00399202126953746,-0.00851410013995104
10-Aug-2001,-0.0232686269393543,-0.00481155699722208,0.0131136391453832,0.0310738277447681
17-Aug-2001,-0.0227569871226162,0.0171520588175657,0.0106431600984798,0.0383784440686774
24-Aug-2001,0.0168571170664228,-0.00270365157431482,-0.0138961051921114,-0.0171190920131476
31-Aug-2001,-0.0408219945202552,0.0129162252665462,0.0139029051689914,0.022280420016283
07-Sep-2001,-0.0444744901018295,-0.00350613932928759,0.0104452578615386,0.0358304382826551
10-Sep-2001,0.00319489089651929,-0.0108587433348759,-0.00491204436102064,-0.00260338587011493
21-Sep-2001,-0.127265351045876,-0.0286052570103344,-0.00290421314738983,0.0602565230204352
28-Sep-2001,0.0716692866903597,-0.0233709863232402,0.0173486383346131,0.0239387680963029
05-Oct-2001,0.0287818014254519,0.0089597413714718,-0.0364565370106152,-0.0282975180648724
12-Oct-2001,0.0215657779145606,0.0102473164515495,-0.00944445882799969,-0.0513116522089763
19-Oct-2001,-0.0155198116580368,0.0219571673520421,-0.016942720730312,0.0127129930599469
26-Oct-2001,0.0287818014254519,0.0121261797978406,-0.030871663667087,-0.0300336420606113
02-Nov-2001,-0.016942720730312,0.00767050630421974,0.0102473164515495,0.01298918708381
09-Nov-2001,0.0275178860367393,-0.013591953519467,-0.00360649559411174,-0.0423226834176372
16-Nov-2001,0.0186254641231648,0.00239712459972145,0.0202927032677624,-0.0332184549750171
23-Nov-2001,0.0101483310518151,0.00747201483870106,-0.00491204436102064,-0.00236338854127275
30-Nov-2001,-0.00642056780292269,0.0132123314721349,0.00915793778476572,0.00531868766875084
07-Dec-2001,0.0199986865066891,0.0168571170664228,0.00119928057548219,-0.0142711703879947
14-Dec-2001,-0.0291198985738521,0.0199006617063362,0.00209779808214612,0.0239959844968876
21-Dec-2001,0.0194103935198234,-0.000400080021339691,0.00439034830129285,-0.00464110274321905
28-Dec-2001,0.0160701801774945,0.00488803407277587,-0.00471107973011922,-0.013346083861001
04-Jan-2002,0.0104452578615386,0.0061808590750811,0.00717420374800045,-0.0190613553812862
11-Jan-2002,-0.0216323001271138,0.00737275432941316,0.0147900854726353,0.0132792209591869
18-Jan-2002,-0.0184695162836613,-0.0107576566529602,0.00965325702813835,0.0297673148671083
25-Jan-2002,0.00578324475572736,-0.000800320170769155,0.00628023795715046,0.000782442112015956
01-Feb-2002,-0.00853633102228634,0.0156764793850076,-0.000100005000333347,0.0249177707864987
08-Feb-2002,-0.0236781273545771,-0.00762902716449116,0.00886062843219647,0.0286968043015401
15-Feb-2002,0.00657831536012251,0.00707491367196198,-0.0106565801885289,0.00892850650764214
22-Feb-2002,-0.0142003494011414,-0.0014009809156281,0.0159717695096987,0.0206839606554607
01-Mar-2002,0.0371994409891063,-0.0195906497650041,0.0115332358136731,-0.0115653358585233
08-Mar-2002,0.0310140535291695,0.0114343776256632,0.000199980002666245,-0.041316462372851
15-Mar-2002,0.000899595242835994,0.00379279823869626,0.00119928057548219,0.0175945082625369
22-Mar-2002,-0.01197137178122,0.0204886664273156,0.00508703904855721,0.014125102657323
28-Mar-2002,-0.000400080021339691,0.00905884448834615,0.00796816964917688,0.00875959428628744
05-Apr-2002,-0.0217344921460061,0.00199800266267306,0.0180363624860986,0.0184271412085384
12-Apr-2002,-0.00511304938682301,0.034787825485664,0.0148886124937506,0.0266920613440504
19-Apr-2002,0.0125212805536717,-0.00340579313483282,0.00419120461846805,-0.0149782773289641
26-Apr-2002,-0.0421770788991862,0.0119285708652738,0.00657831536012251,0.047265690679382
03-May-2002,-0.00130084573304807,0.0163653540862642,0.0126200313561022,0.0289638755409996
10-May-2002,-0.0180621428184085,-0.0205088766315404,0.0098513160503742,0.00142665651450131
17-May-2002,0.0454512629039174,-0.00541463270149884,-0.028399474521698,-0.0327820586512013
24-May-2002,-0.0222456089473197,-0.0146061523893621,0.0172503534065277,0.0171005606874599
31-May-2002,-0.0148091156537082,0.00568381646829771,-0.000400080021339691,0.0241799698746633
07-Jun-2002,-0.0357308099557989,-0.00360649559411174,0.0117309228756987,0.0325196006624861
14-Jun-2002,-0.0213257867147524,0.00747201483870106,-0.0142003494011414,0.0214022220620513
21-Jun-2002,-0.0178585183013132,0.0194103935198234,0.0139029051689914,0.0386918888877617
28-Jun-2002,9.99950003332973e-05,0.0188217542405877,-0.00732677538646086,-0.0195134016554806
05-Jul-2002,-0.00752826642079152,-0.0331432185932542,-0.00501254182354429,0.00334130581051447
12-Jul-2002,-0.0668879455416317,0.0109399400383343,0.00129915573162013,0.00340022846877453
19-Jul-2002,-0.0752624845005469,0.0131136391453832,-0.00591747376403762,-0.0177657498336935
26-Jul-2002,0.00109939544330106,-0.00964637705180545,-0.0267547373088196,0.0681118512830124
02-Aug-2002,0.0121261797978406,-0.0301499769508832,0.00249688019858715,0.000182966627790208
09-Aug-2002,0.0468835858988505,-0.0201006717070029,-0.00833463679005763,-0.00293854568247635
16-Aug-2002,0.0230326991105728,-0.0087380659432853,9.99950003332973e-05,-0.00723528045893626
23-Aug-2002,0.0121261797978406,-0.00240288461631031,0.0081665626663934,-0.0390588559449593
30-Aug-2002,-0.0261386576096948,-0.00642056780292269,0.0200967016991224,0.0257572906191567
06-Sep-2002,-0.0206109539041243,0.0165620882989782,0.00737275432941316,0.0140425924231207
13-Sep-2002,-0.00471107973011922,0.00369317183761761,-0.000800320170769155,0.0058601615480602
20-Sep-2002,-0.0518197487297965,-0.00662187630888697,0.0104452578615386,0.0333595839048895
27-Sep-2002,-0.0193867138001901,9.99950003332973e-05,0.000499875041650993,0.0208697493409317
04-Oct-2002,-0.0354199452312603,0.00965325702813835,-0.00863719339566359,0.0153798696013229
11-Oct-2002,0.0372957847436969,-0.0416556752688325,-0.0338670695115773,-0.0210725721398287
18-Oct-2002,0.0563803334361077,-0.000300045009001992,-0.019692633345736,-0.0250361489689042
25-Oct-2002,0.0149871298082482,0.000399920021326891,0.0120273802127185,-0.0366457997403225
01-Nov-2002,0.00628023795715046,0.0253753063312283,-0.0124775215111126,-0.039453324140541
08-Nov-2002,-0.00793137032628028,0.000999500333083423,0.00109939544330106,-0.0351695887326094
15-Nov-2002,0.0175451792157489,0.000199980002666245,-0.0105555139395166,-0.0119219304693765
22-Nov-2002,0.0233258253034968,0.00876150566857267,-0.00541463270149884,-0.0692643102708349
29-Nov-2002,0.00717420374800045,0.00876150566857267,0.0105442138756711,-0.0325753333022054
06-Dec-2002,-0.0254203773469112,0.00588266315815551,0.00239712459972145,0.0501934029747167
13-Dec-2002,-0.0241902388012177,9.99950003332973e-05,0.0116320842297077,0.025266245714971
20-Dec-2002,0.00588266315815551,-0.0115666363714654,0.00199800266267306,0.0167498572241152
27-Dec-2002,-0.0202027073175195,0.0135083500247923,0.000899595242835994,0.00338932573567439
03-Jan-2003,0.0344014267173323,-0.0221433646856899,0.00389241471534385,-0.0154994953944562
10-Jan-2003,0.020390689647734,-0.00280392733273426,-0.0043092715880984,-0.0427168695043866
17-Jan-2003,-0.0266520309974265,0.00717420374800045,0.0144944461504525,0.0271986539504224
24-Jan-2003,-0.0432207024545634,0.0156764793850076,-0.00883894866720439,0.0188435087586948
31-Jan-2003,-0.00662187630888697,0.00548493023056975,-0.00843547882110158,0.0195212760989999
07-Feb-2003,-0.0316970867432546,0.00169855663558151,-0.00310481495347876,0.0146388566501527
14-Feb-2003,0.00349388925425584,-0.00280392733273426,-0.0103534120794916,0.00634835668020576
21-Feb-2003,0.0171520588175657,9.99950003332973e-05,-0.00330545700872648,-0.00388267416763594
28-Feb-2003,-0.00783057911518856,-0.00220242355520004,0.0021975835434872,-0.00176948421241187
07-Mar-2003,-0.0143017847108596,-0.00290421314738983,-0.00270365157431482,0.0234189401118661
14-Mar-2003,0.00578324475572736,-0.000100005000333347,-0.0149106127357542,-0.00413497795074926
21-Mar-2003,0.0696193418800571,-0.0161293819298836,-0.00853633102228634,-0.0411930898956966
28-Mar-2003,-0.0334533762592196,0.019018005835762,0.000899595242835994,0.0246916685587803
04-Apr-2003,0.0166604408931072,-0.00190180728959633,0.00239712459972145,-0.0103887370240929
11-Apr-2003,-0.0114654781092781,0.00339423306801562,0.0113355096637457,0.00449727826471118
17-Apr-2003,0.0287818014254519,0.00209779808214612,-0.00260338587011493,-0.0308301697019373
25-Apr-2003,0.00697561373642514,0.00458945233380722,0.00309520490730252,-0.0221337994968134
02-May-2003,0.0363319292473902,0.0144944461504525,-0.00853633102228634,-0.0301250232849762
09-May-2003,0.00528600442923744,0.0122249696225689,0.00169855663558151,-0.0210223725095671
16-May-2003,0.0121261797978406,-0.010959840236342,0.0110388471152164,-0.022097043025642
23-May-2003,-0.00813298323018899,0.0078689583786952,0.00558437829390066,-0.0082063144425184
30-May-2003,0.034208171329737,0.0247901688072187,-0.0131865618041756,-0.0235785033921972
06-Jun-2003,0.0253753063312283,0.0061808590750811,-0.00914165791728339,-0.0228785506660661
13-Jun-2003,0.000699755114273265,-0.00420884477405468,0.0110388471152164,0.0222118316004356
20-Jun-2003,0.00647896609770907,0,0.000299955008997942,-0.0171303490119779
27-Jun-2003,-0.0166376411530232,0.0149871298082482,-0.000200020002667045,0.0125582402628767
03-Jul-2003,0.0110388471152164,0.0102473164515495,0.000499875041650993,0.00928405010454868
11-Jul-2003,0.0163653540862642,0.02244618882983,0.00129915573162013,0.0087753795892147
18-Jul-2003,-0.00702461493696447,-0.00843547882110158,-0.00451015547788602,-0.00182514451617907
25-Jul-2003,0.00558437829390066,0.00637960696403899,-0.00883894866720439,-0.00361142202937188
01-Aug-2003,-0.0153167041118933,0.0153811020383024,0.00109939544330106,-0.00902957878663837
08-Aug-2003,-0.00702461493696447,-0.0222456089473197,-0.00100050033358353,-0.0146296707148503
15-Aug-2003,0.0172503534065277,0.0219571673520421,0.00399202126953746,0.0131600854713386
22-Aug-2003,0.00707491367196198,0.0212721352755398,0.0128175037106143,0.00448353617659882
29-Aug-2003,0.016463726030665,0.0081665626663934,0.00478851673179709,0.00326833903156826
05-Sep-2003,0.0141001243787816,0.0116320842297077,0.00209779808214612,0.000698025301081259
12-Sep-2003,-0.00260338587011493,0.0106431600984798,-0.00752826642079152,0.000255391081722147
19-Sep-2003,0.017839918128331,0.00439034830129285,0.00439034830129285,0.0155506694183058
26-Sep-2003,-0.0421770788991862,-0.022961611637347,-0.000100005000333347,-0.0242421706534012
03-Oct-2003,0.0348844018535019,0.016463726030665,0.00339423306801562,0.0211138820290992
10-Oct-2003,0.0098513160503742,0.00289580311202547,0.0141001243787816,0.0179587494640482
17-Oct-2003,0.00119928057548219,0.00578324475572736,0.00299550897979837,-0.000865977507432353
24-Oct-2003,-0.010959840236342,-0.0121738009317088,-0.00833463679005763,-0.00890509846715844
31-Oct-2003,0.0242046886968174,0.0175451792157489,0.00637960696403899,0.0181841468409604
07-Nov-2003,0.00677698427902367,0.0206845911928326,0.0109399400383343,0.0177359122863899
14-Nov-2003,-0.00440970848870007,-0.0115666363714654,-0.00682322534812554,-0.0205923090823844
21-Nov-2003,-0.0140989243795016,-0.00130084573304807,0.00468898948613147,-0.00573986215167708
28-Nov-2003,0.0250827803674632,0.0114343776256632,0.0078689583786952,0.0188409673912948
05-Dec-2003,-0.000300045009001992,-0.0112631922787107,0.00149887612373595,-0.0290619501805948
12-Dec-2003,0.0103462920541443,-0.000700245114393426,0.00747201483870106,-0.0205147220436628
19-Dec-2003,0.011137744410456,-0.0160277610771973,0.00727348396649847,-0.0102588228853355
26-Dec-2003,0.00727348396649847,0.00657831536012251,0.00538547227633789,-0.00101358558719509
02-Jan-2004,0.0116320842297077,0.000299955008997942,0.00568381646829771,0.000187905569770573
09-Jan-2004,0.0144944461504525,0.0141001243787816,0.00965325702813835,0.0239381368380484
16-Jan-2004,0.0171520588175657,0.0115332358136731,0.00866237307865259,0.0161439118588454
23-Jan-2004,0.00319489089651929,0.00379279823869626,0.00826574441703259,-0.0123423344838114
30-Jan-2004,-0.01197137178122,-0.0115666363714654,-0.0122750308756126,-0.0131377121676495
06-Feb-2004,0.00905884448834615,-0.00631992874481935,-0.00340579313483282,-0.00245143359655848
13-Feb-2004,0.00468898948613147,-0.00250313021811848,0.00259662584726591,-0.00213306172749601
20-Feb-2004,-0.00270365157431482,-0.00783057911518856,0.0021975835434872,-0.01226994796704
27-Feb-2004,0.00289580311202547,0.00309520490730252,0.00478851673179709,0.00152458986065006
05-Mar-2004,0.0124225199985571,0.00826574441703259,0.00289580311202547,0.00664875329072572
12-Mar-2004,-0.0311811174835747,0.00279608730200119,-0.00440970848870007,-0.0197654064177838
19-Mar-2004,-0.0112631922787107,-0.0120725812342692,0.00468898948613147,-0.00291466328552848
26-Mar-2004,-0.00130084573304807,0.00637960696403899,-0.0021022080918702,0.00776697357025873
02-Apr-2004,0.0334347760862374,0.0228372339027571,0.00299550897979837,0.0178500910197966
08-Apr-2004,-0.00150112612626709,-0.000400080021339691,-0.00170144663975757,8.04695906307454e-05
16-Apr-2004,-0.00803217169726427,-0.00843547882110158,-0.0130852395486555,-0.0259984173072855
23-Apr-2004,0.00747201483870106,0.00488803407277587,-0.00180162194662821,0.00775259384878035
30-Apr-2004,-0.0320067961350865,-0.0257281485727312,-0.00954541284353139,-0.0349663792493719
07-May-2004,-0.00984833605481441,-0.00722604509173958,-0.0126800531573745,0.0024480367105782
14-May-2004,-0.00491204436102064,-0.00813298323018899,-0.00370686193132651,-0.00750737247463035
21-May-2004,-0.001100605444033,0.00279608730200119,0.00588266315815551,0.000449199432255348
28-May-2004,0.0275178860367393,0.0112366319259878,0.00717420374800045,0.0147686540533862
04-Jun-2004,0.00109939544330106,-0.00130084573304807,-0.00170144663975757,0.00187019774395631
10-Jun-2004,0.00935609492402503,-0.00783057911518856,0.00697561373642514,-0.00411619008706359
18-Jun-2004,-0.00150112612626709,0.00409161790325356,0.000899595242835994,0.00179299521909349
25-Jun-2004,0.00389241471534385,0.0209784063851918,0.00687630393943206,0.0216164599596091
02-Jul-2004,-0.00823380492710354,0.00159872136369707,0.0127187724077746,0.00127751208096988
09-Jul-2004,-0.0144032303107437,-0.0202027073175195,0.0132123314721349,-0.00301165461727478
16-Jul-2004,-0.010959840236342,-0.00934351500315247,0.0176434351725953,0.00517342006098881
23-Jul-2004,-0.016739324004298,-0.0152151658064804,0.0081665626663934,-0.0187657447412394
30-Jul-2004,0.0141987193998129,0.00737275432941316,-0.00702461493696447,0.0094107486940765
06-Aug-2004,-0.0384290266197819,-0.0236781273545771,0.0227394869694893,-0.0213773157801547
13-Aug-2004,0.000299955008997942,-0.00601807232556302,0.000699755114273265,0.00818859549916172
20-Aug-2004,0.0344014267173323,0.0196065296389183,-0.0139975096438537,-0.00712553150320407
27-Aug-2004,0.00826574441703259,-0.000900405243164155,-0.00491204436102064,0.00118116846583778
03-Sep-2004,0.00548493023056975,0.00109939544330106,0.00409161790325356,0.0226181923246929
10-Sep-2004,0.0110388471152164,0.0134096869099177,-0.0100503358535015,-0.00916283468504391
17-Sep-2004,0.00528600442923744,0.000499875041650993,0,0.00837971130425895
24-Sep-2004,-0.0146061523893621,0.00259662584726591,0.00806737107775879,0.0188335346554696
01-Oct-2004,0.0194103935198234,0.0139029051689914,-0.00150112612626709,0.0101871010414809
08-Oct-2004,-0.00904074465214907,-0.00823380492710354,0.00955421280481171,0.00707454393589593
15-Oct-2004,-0.0122750308756126,0.00149887612373595,-0.00793137032628028,0.000577957084829879
22-Oct-2004,-0.00934351500315247,0.00876150566857267,-0.00924258136693254,-0.00164736577916828
29-Oct-2004,0.0301411569119868,-0.00471107973011922,0.00249688019858715,-0.0199789439410574
05-Nov-2004,0.031498667059371,0.00299550897979837,-0.000700245114393426,-0.000457444437527201
12-Nov-2004,0.016463726030665,0.00965325702813835,0.000399920021326891,0.00876407407336701
19-Nov-2004,-0.0103534120794916,0.00139902091370741,0.00657831536012251,-0.00540894925301329
26-Nov-2004,0.0124225199985571,0.0126200313561022,0.0118297517535772,0.0168502417427574
03-Dec-2004,0.00856323066048781,0.0101483310518151,-0.0128826258310137,-0.014449411146957
10-Dec-2004,-0.00420884477405468,-0.0117689835999989,0.00199800266267306,-0.00252792281352168
17-Dec-2004,0.00796816964917688,0.00886062843219647,0.0098513160503742,0.00224483184165371
23-Dec-2004,0.0125212805536717,-0.00130084573304807,0,-3.32270733330874e-05
31-Dec-2004,0.00289580311202547,0.00488803407277587,-0.000900405243164155,-0.00693646028825123
07-Jan-2005,-0.0267547373088196,-0.0322133223646516,0.00488803407277587,-0.00542741746688358
14-Jan-2005,0,0.00528600442923744,0.00608147031586795,0.0253162517241109
21-Jan-2005,-0.0133892371190161,0.00229735904868346,0.00478851673179709,0.00285874501203328
28-Jan-2005,0.00249688019858715,0.00229735904868346,0.00209779808214612,0.0051877400793585
04-Feb-2005,0.0285874568519125,0.0089597413714718,0.00429078141715625,0.0155480817786145
11-Feb-2005,0.000799680170564244,-0.0069239150728242,0.00279608730200119,-0.00201772639736214
18-Feb-2005,-0.00330545700872648,-0.00340579313483282,0.00687630393943206,0.017433130038122
25-Feb-2005,0.00836491633162767,0.0017983819413794,0.00239712459972145,0.0164152389431217
04-Mar-2005,0.00836491633162767,0.00249688019858715,0.0101483310518151,0.0125822803020095
11-Mar-2005,-0.0178585183013132,-0.0101513510563754,0.00169855663558151,-0.0102417361604809
18-Mar-2005,-0.00863719339566359,-0.000500125041682243,0.0098513160503742,0.0127407387577736
24-Mar-2005,-0.0142003494011414,0.00578324475572736,-0.00883894866720439,-0.00906348014077795
01-Apr-2005,-0.000200020002667045,-0.0100503358535015,0.00886062843219647,0.0167179427605753
08-Apr-2005,0.00588266315815551,-0.00652121699026546,-0.00190180728959633,-0.00702646154650783
15-Apr-2005,-0.0346949697968869,-0.0137947110221893,-0.00853633102228634,-0.0211915389975474
22-Apr-2005,0.00697561373642514,0.00369317183761761,0.0021975835434872,0.0175075043531014
29-Apr-2005,0.00159872136369707,-0.0242926925690446,-0.000300045009001992,-0.00987715721840293
06-May-2005,0.0151841353250401,0.0134096869099177,-0.000900405243164155,0.00793178765377701
13-May-2005,-0.0156213809029568,-0.00491204436102064,-0.0158245503469715,-0.0278809446309632
20-May-2005,0.031498667059371,0.0108410231778748,0.000299955008997942,0.00017867725827512
27-May-2005,0.0094551587707552,0.00429078141715625,0.00528600442923744,0.015667954671174
03-Jun-2005,-0.000400080021339691,0.00568381646829771,0.00558437829390066,0.0118647742706622
10-Jun-2005,0.00199800266267306,0.00528600442923744,0.0104452578615386,0.0016659552403085
17-Jun-2005,0.0162669724638719,0.00886062843219647,0.0066776547532405,0.00619143460321153
24-Jun-2005,-0.0201006717070029,-0.0043092715880984,0.00229735904868346,-0.00191142203188475
01-Jul-2005,0.00578324475572736,0.0151841353250401,0.00468898948613147,0.0128431630774051
08-Jul-2005,0.0161685811615837,0.0130149370774948,-0.00934351500315247,0.00196112096758175
15-Jul-2005,0.0117309228756987,-0.00611868100817718,-0.00631992874481935,-0.012265239929467
22-Jul-2005,0.00558437829390066,0.0182327682610597,0.00458945233380722,0.00343327292111052
29-Jul-2005,0.00159872136369707,0.00139902091370741,0.00259662584726591,0.0106755545891147
05-Aug-2005,-0.00823380492710354,-0.0152151658064804,0.00269636154774253,-0.00312606673010168
12-Aug-2005,0.00229735904868346,-0.00631992874481935,0.00369317183761761,0.00896441981865113
19-Aug-2005,-0.00964637705180545,-0.00340579313483282,0.00189819728308027,-0.0044264861350269
26-Aug-2005,-0.0113643300790498,0.00508703904855721,0.00349388925425584,0.00658185736265797
02-Sep-2005,0.0119285708652738,0.00757126549631813,0.00269636154774253,0.0185087897191398
09-Sep-2005,0.0182327682610597,0.00149887612373595,-0.00531409482376877,0.0117776574071558
16-Sep-2005,-0.00501254182354429,-0.00440970848870007,0.00389241471534385,-0.00151199919373192
23-Sep-2005,-0.019182819416774,-0.00300450902029872,0.00538547227633789,0.0120458414567342
30-Sep-2005,0.0128175037106143,0.00429078141715625,0.00139902091370741,0.0136639315873438
07-Oct-2005,-0.0275767677702345,-0.00350613932928759,-0.000600180072032461,-0.0175336887599899
14-Oct-2005,-0.0102523764643514,-0.00652121699026546,-0.00642056780292269,-0.00784782709719713
21-Oct-2005,-0.0043092715880984,0.00498754151103897,-0.00360649559411174,-0.00303817129378771
28-Oct-2005,0.0120273802127185,-0.0147076288722743,0.0123237496888319,0.00832061412811238
04-Nov-2005,0.0225439644348944,0.0136070034062169,-0.000800320170769155,0.00791104102675631
11-Nov-2005,0.0110388471152164,0.000399920021326891,-0.00843547882110158,-0.0163807456921289
18-Nov-2005,0.00995033085316809,-0.0043092715880984,-0.00360649559411174,0.00903048462506075
25-Nov-2005,0.0154795708483864,9.99950003332973e-05,-0.00240288461631031,0.00376848898220515
02-Dec-2005,-0.00120072057651888,0.0122249696225689,0.00329456694943011,0.0047352076460377
09-Dec-2005,-0.00440970848870007,0.00229735904868346,0.00309520490730252,0.00463017508867517
16-Dec-2005,0.00359353551013022,-0.0122750308756126,-0.00601807232556302,-0.00611271956606496
23-Dec-2005,0.000999500333083423,0.00229735904868346,-0.000900405243164155,0.00255754846935654
30-Dec-2005,-0.0160277610771973,-0.00280392733273426,0.00757126549631813,-0.00261887525595482
06-Jan-2006,0.0287818014254519,0.00538547227633789,-0.00230264906267556,0.0115095125242781
13-Jan-2006,0.00289580311202547,0.0105442138756711,-0.0014009809156281,0.00538379040945502
20-Jan-2006,-0.0195906497650041,0.0132123314721349,0.00925702126267685,0.00965517437075888
27-Jan-2006,0.0185273046138836,0.0182327682610597,0.00339423306801562,0.0051529650985562
03-Feb-2006,-0.013591953519467,0.00528600442923744,0.00169855663558151,0.00308373408323452
10-Feb-2006,-0.00100050033358353,-0.00984833605481441,-0.0014009809156281,-0.022043049546796
17-Feb-2006,0.015282623531157,0.00169855663558151,0.00139902091370741,0.00724744425572447
24-Feb-2006,0.00229735904868346,0.00419120461846805,0.000599820071967549,0.00738250857769638
03-Mar-2006,-0.00130084573304807,0.00528600442923744,-0.00240288461631031,0.00894380743669939
10-Mar-2006,-0.00843547882110158,-0.00924258136693254,0.00289580311202547,-0.0250020250594271
17-Mar-2006,0.0199986865066891,0.00369317183761761,0.00189819728308027,0.0129626237979809
24-Mar-2006,-0.00120072057651888,0.0131136391453832,-0.001100605444033,0.00065247436310313
31-Mar-2006,-0.00230264906267556,0.0205866336083883,0.000899595242835994,0.00966559013601639
07-Apr-2006,-0.00130084573304807,-0.0111620647061919,0.00915793778476572,0.00876276012161471
13-Apr-2006,-0.00561573878563575,-0.001100605444033,-0.00100050033358353,0.00187195551746873
21-Apr-2006,0.0165620882989782,0.00796816964917688,0.0081665626663934,0.0177323901187649
28-Apr-2006,-0.00240288461631031,-0.00883894866720439,0.00925702126267685,-0.0237916173218835
05-May-2006,0.0120273802127185,0.00915793778476572,0.00856323066048781,0.0162555583373762
12-May-2006,-0.0290169490704926,-0.0236781273545771,0.0097522914426783,-0.0237747113273084
19-May-2006,-0.02081513971392,-0.00914165791728339,0.00339423306801562,-0.0347439661867282
26-May-2006,0.00846407841212936,-0.00250313021811848,0.000199980002666245,-0.00280700146998428
02-Jun-2006,0.00697561373642514,0.00319489089651929,0.00538547227633789,0.0100191530891941
09-Jun-2006,-0.0325231917055601,-0.0174513936137559,-0.000800320170769155,-0.0338552960567305
16-Jun-2006,-0.00320513094894834,-0.0116678048676821,-0.00120072057651888,-0.00263735417646099
23-Jun-2006,-0.00471107973011922,-0.000200020002667045,0.00409161790325356,0.0146897284647714
30-Jun-2006,0.0220549907808313,0.0196065296389183,0.00558437829390066,0.0190001764625258
07-Jul-2006,-0.00762902716449116,-0.0154182527283806,0.00886062843219647,-0.00624780655449443
14-Jul-2006,-0.0286052570103344,-0.0150121201205036,0.00876150566857267,-0.00513124919926846
21-Jul-2006,-0.00100050033358353,-0.019182819416774,0.0103462920541443,-0.0107136670268872
28-Jul-2006,0.0302381830606099,0.00647896609770907,0.0021975835434872,0.00547039347665647
04-Aug-2006,0.000699755114273265,9.99950003332973e-05,-0.00300450902029872,0.00662056381030352
11-Aug-2006,-0.0130852395486555,-0.0171461588349705,0,-0.00991477594055603
18-Aug-2006,0.0292674976805681,0.0185273046138836,-0.0160277610771973,-0.0121513539613169
25-Aug-2006,-0.00883894866720439,-0.00984833605481441,0.00349388925425584,-1.00868709206365e-05
01-Sep-2006,0.0153811020383024,0.0181345701954827,-0.00340579313483282,-0.0104385256050921
08-Sep-2006,-0.0111620647061919,-0.00742751582879658,0.00568381646829771,-0.00351335414992921
15-Sep-2006,0.0163653540862642,0.0118297517535772,-0.0069239150728242,-0.015678515369292
22-Sep-2006,-0.00662187630888697,-0.00984833605481441,0.00478851673179709,0.00808895339058693
29-Sep-2006,0.0145930023029001,-0.00511304938682301,-0.00310481495347876,-0.000604650464902779
06-Oct-2006,0.0108410231778748,0.00677698427902367,-0.00330545700872648,0.00069618630457696
13-Oct-2006,0.0139029051689914,0.0147900854726353,0.000899595242835994,0.0056930859382898
20-Oct-2006,0.000499875041650993,-0.00200200267067308,0.000799680170564244,-0.0054065165467222
27-Oct-2006,0.0061808590750811,-0.00400802139753882,0.00279608730200119,-0.012840154659281
03-Nov-2006,-0.0105555139395166,-0.00611868100817718,0.000799680170564244,-0.0064134095009186
10-Nov-2006,0.0135083500247923,0.0094551587707552,0.00239712459972145,0.00488590421768012
17-Nov-2006,0.0151841353250401,0.00995033085316809,-0.00631992874481935,-0.00321032566839132
24-Nov-2006,9.99950003332973e-05,0.00409161790325356,-0.00190180728959633,0.000590185114498239
01-Dec-2006,-0.00501254182354429,-0.0113643300790498,0.00548493023056975,0.00188535316168794
08-Dec-2006,0.0101483310518151,0.00369317183761761,0.00409161790325356,0.00319073715779249
15-Dec-2006,0.0094551587707552,-0.0130852395486555,0.0155780299633185,0.00319230734929026
22-Dec-2006,-0.0127813343647332,-0.0021022080918702,0.00717420374800045,-0.000405668386954577
29-Dec-2006,0.00468898948613147,0.00409161790325356,0.00289580311202547,0.00369174443240925
05-Jan-2007,-0.00662187630888697,-0.00621929981391683,-0.00702461493696447,-0.00942691363970068
12-Jan-2007,0.0171520588175657,0.0089597413714718,-0.0087380659432853,0.00809099059996881
19-Jan-2007,-0.00310481495347876,-0.0112631922787107,0.0061808590750811,0.00109900551322504
26-Jan-2007,-0.00571630699610919,0.00806737107775879,0.00359353551013022,0.000384662653017254
02-Feb-2007,0.0192142189238044,0.00598207167754747,0.00508703904855721,-0.00390838408950652
09-Feb-2007,-0.00652121699026546,0.00359353551013022,0.00249688019858715,0.00079309843939964
16-Feb-2007,0.0121261797978406,-0.000500125041682243,-0.000500125041682243,-0.00490632607062002
23-Feb-2007,-0.000500125041682243,0.0144944461504525,-0.00783057911518856,-0.00682103054349758
02-Mar-2007,-0.0473012731180131,-0.0150121201205036,0.00846407841212936,0.000578199371102535
09-Mar-2007,0.00995033085316809,0.000799680170564244,-0.000500125041682243,0.0143695118998561
16-Mar-2007,-0.0118701725704874,0.00478851673179709,-0.00370686193132651,0.00208655566923676
23-Mar-2007,0.034208171329737,0.000399920021326891,-0.00220242355520004,0.00798444614566471
30-Mar-2007,-0.0108587433348759,0.000499875041650993,-0.000300045009001992,0.00649183928936365
05-Apr-2007,0.0153811020383024,-0.000300045009001992,-0.00571630699610919,0.00639142754724023
13-Apr-2007,0.00578324475572736,0.00249688019858715,-0.000500125041682243,-0.00320681845875112
20-Apr-2007,0.0180363624860986,-0.0105555139395166,0.00498754151103897,-0.00361524940679949
27-Apr-2007,0.00409161790325356,-0.00300450902029872,-0.0101513510563754,-0.00421852251271663
04-May-2007,0.00687630393943206,-0.00591747376403762,0.00369317183761761,-0.00221030639925706
11-May-2007,-0.000900405243164155,-0.00682322534812554,0.00528600442923744,0.00139191332776359
18-May-2007,0.0081665626663934,-0.0159261505502593,-0.000400080021339691,0.00489260700807449
25-May-2007,-0.00330545700872648,0.0120273802127185,-0.00571630699610919,-0.00703149972591188
01-Jun-2007,0.0154795708483864,0.0108410231778748,-0.00360649559411174,0.000289799595136812
08-Jun-2007,-0.0201006717070029,-0.000800320170769155,-0.000800320170769155,-0.00441727065555298
15-Jun-2007,0.0156764793850076,-0.000300045009001992,-0.00320513094894834,0.0122730283824293
22-Jun-2007,-0.01999864650669,0.00558437829390066,-0.0014009809156281,-0.00664012627884758
29-Jun-2007,9.99950003332973e-05,-0.000400080021339691,-0.00541463270149884,0.00778418563986187
06-Jul-2007,0.0186254641231648,9.99950003332973e-05,-0.00682322534812554,0.0121737347484557
13-Jul-2007,0.0124225199985571,-0.0087380659432853,-0.00772979806194127,0.0120805453490219
20-Jul-2007,-0.0134905901824991,-0.00440970848870007,-0.0130852395486555,0.00828050438614001
27-Jul-2007,-0.053189828514119,-0.013591953519467,-0.00621929981391683,-0.0102547395912109
03-Aug-2007,-0.019182819416774,-0.00883894866720439,-0.0142003494011414,0.0144525029591236
10-Aug-2007,0.0139029051689914,0.0202927032677624,-0.0108587433348759,-0.0241891493724987
17-Aug-2007,-0.00742751582879658,-0.00390762483101708,0.0157749191153622,-0.0232611884372799
24-Aug-2007,0.0230326991105728,-0.00742751582879658,-0.00310481495347876,0.034355354821657
31-Aug-2007,-0.00440970848870007,-0.000300045009001992,-0.0112631922787107,0.0134457445240349
07-Sep-2007,-0.0134905901824991,-0.00471107973011922,-0.00280392733273426,0.00238063305656363
14-Sep-2007,0.0182327682610597,-0.0125787822068601,-0.00521356705288743,0.00847453009761485
21-Sep-2007,0.0261549574768512,0.00359353551013022,0.000799680170564244,0.0172452110830521
28-Sep-2007,0.000699755114273265,-0.00883894866720439,-0.010959840236342,0.0167321246766661
05-Oct-2007,0.0225439644348944,0.0186254641231648,0.000499875041650993,-0.0127759620194883
12-Oct-2007,0.00289580311202547,-0.00944445882799969,-0.00551518068811011,0.0212789316232063
19-Oct-2007,-0.0393647235222767,-0.00924258136693254,-0.0107576566529602,0.0296533109421656
26-Oct-2007,0.021467906615241,0.00458945233380722,-0.00350613932928759,0.0125719307007491
02-Nov-2007,-0.0165359686400995,-0.00823380492710354,-0.0188770557696892,0.0213703529120379
09-Nov-2007,-0.0374942044275804,0.00468898948613147,0.0124225199985571,-0.00966723809779959
16-Nov-2007,0.00189819728308027,-0.0087380659432853,-0.00541463270149884,-0.00628667901945413
23-Nov-2007,-0.0150121201205036,-0.00240288461631031,-0.00200200267067308,0.0168936305452137
30-Nov-2007,0.0275178860367393,-0.0147076288722743,-0.00511304938682301,-0.00620966677771545
07-Dec-2007,0.0171520588175657,0.00209779808214612,0.00119928057548219,0.0103880140106279
14-Dec-2007,-0.0266520309974265,-0.0116678048676821,-0.00601807232556302,0.0378482902538831
21-Dec-2007,0.0122249696225689,0.0243022925229648,-0.00511304938682301,0.00589239603361811
28-Dec-2007,-0.00491204436102064,-0.0124775215111126,0.000699755114273265,0.0181200779259693
04-Jan-2008,-0.0487701643694293,-0.0154182527283806,0.000799680170564244,0.0225838384156698
11-Jan-2008,-0.0112631922787107,-0.0160277610771973,-0.00551518068811011,-0.0154029265884378
18-Jan-2008,-0.053189828514119,0.0135083500247923,-0.00100050033358353,-0.0127018032756816
25-Jan-2008,0.00637960696403899,0.00886062843219647,0.0252778071842686,-0.0627744147460058
01-Feb-2008,0.049266241302918,0.00737275432941316,0.0244974716003874,-0.0576500329275378
08-Feb-2008,-0.0439518875291828,0.00548493023056975,0.000699755114273265,0.0362621514392329
15-Feb-2008,0.0125212805536717,-0.0125787822068601,-0.00150112612626709,0.0182184611238808
22-Feb-2008,0.000799680170564244,-0.00732677538646086,0.000499875041650993,0.00149218467928148
29-Feb-2008,-0.0154182527283806,0.00518652668730015,-0.0101513510563754,0.0297514129623778
07-Mar-2008,-0.0300469213522966,-0.00581688532156485,-0.00390762483101708,0.0354017666950963
14-Mar-2008,-0.00451015547788602,0.00905884448834615,-0.00551518068811011,0.0223924084967169
20-Mar-2008,0.0266419309464211,-0.00954541284353139,0.0124225199985571,-0.0607715103426386
28-Mar-2008,-0.00712532494258863,0.0149871298082482,-0.00984833605481441,0.042718843762174
04-Apr-2008,0.0409499863289542,-0.0021022080918702,-0.000300045009001992,-0.027779838954493
11-Apr-2008,-0.0268574541698826,-0.00853633102228634,0.0021975835434872,0.0300300602531756
18-Apr-2008,0.0388360237851982,0.00199800266267306,-0.00220242355520004,0.00160569035147585
25-Apr-2008,0.004489905272852,-0.00722604509173958,-0.00883894866720439,-0.0132087808423507
02-May-2008,0.0115332358136731,-0.00702461493696447,0.00856323066048781,-0.0233074573951159
09-May-2008,-0.0152151658064804,0.0110388471152164,-0.0043092715880984,0.038093313903533
16-May-2008,0.0267392971896215,0.00419120461846805,-0.00481155699722208,-0.00213766737385795
23-May-2008,-0.0327298246229189,0.0120273802127185,-0.00160128136697388,0.0266165287593803
30-May-2008,0.0207825391825284,0.0109399400383343,-0.00551518068811011,-0.00139821606042089
06-Jun-2008,-0.0243951568347216,0.0156764793850076,-0.00571630699610919,0.0267023489092423
13-Jun-2008,-0.00170144663975757,-0.00400802139753882,-0.0099493308536681,0.0249637685982361
20-Jun-2008,-0.028399474521698,0.0199986865066891,-0.00662187630888697,0.0367664770049957
27-Jun-2008,-0.0331432185932542,-0.00631992874481935,-0.00712532494258863,0.0382670937148943
03-Jul-2008,-0.019692633345736,-0.0314906670913708,-0.00944445882799969,0.0268046054842007
11-Jul-2008,-0.0131865618041756,0.0249852526939086,-0.0239853627505113,0.0518672828070776
18-Jul-2008,0.0162669724638719,0.000699755114273265,0.0600597564276629,-0.0973337693344881
25-Jul-2008,-0.000300045009001992,0.0272259862535915,0.00239712459972145,-0.0253562544644463
01-Aug-2008,0.00389241471534385,-0.00340579313483282,0.0275178860367393,-0.0221811827921706
08-Aug-2008,0.0251802985302983,0.00955421280481171,0.00568381646829771,-0.0484288735245976
15-Aug-2008,0.00628023795715046,0.0284902703996274,-0.00420884477405468,-0.00710359398337707
22-Aug-2008,-0.00682322534812554,-0.0142003494011414,-0.0176549352387207,0.0406390267746518
29-Aug-2008,-0.00491204436102064,0.00309520490730252,0.0219571673520421,-0.0174795774583963
05-Sep-2008,-0.0321100539182336,0.00169855663558151,0.0458334163431722,-0.0360257895158248
12-Sep-2008,0.00478851673179709,-0.00702461493696447,0.00608147031586795,0.0268320503617979
19-Sep-2008,0.00876150566857267,0.0174469136037207,0.0521179542621068,-0.0358167629604862
26-Sep-2008,-0.0410303495579919,-0.0253178079842899,-0.0248051189189711,0.0305791682268692
03-Oct-2008,-0.100925918589961,-0.0178585183013132,0.00737275432941316,0.0158342934670513
10-Oct-2008,-0.198450938723838,0.0353671438372913,-0.0428031223253094,0.0711641576010736
17-Oct-2008,0.0450689633675781,-0.0374942044275804,0.0089597413714718,-0.0060796296128961
24-Oct-2008,-0.0751546736007605,-0.0327298246229189,-0.0126800531573745,0.0520742163145469
31-Oct-2008,0.102376066616866,0.0274205955759922,0.00429078141715625,-0.0352420499377719
07-Nov-2008,-0.0409261666126458,-0.0168410171960266,-0.019182819416774,0.0207332509749203
14-Nov-2008,-0.0666741332679927,-0.0255229572310859,-0.0300469213522966,0.0683421145613334
21-Nov-2008,-0.0916767885719041,0.0116320842297077,-0.0911289334111019,0.119240118511107
28-Nov-2008,0.118760335720843,-0.00581688532156485,0.0947645764444229,-0.174331298999657
05-Dec-2008,-0.0216323001271138,-0.00420884477405468,0.026934001240081,0.00982127009905242
12-Dec-2008,0.00657831536012251,0.0119285708652738,-0.0388447838235672,-0.0560022468704905
19-Dec-2008,0.0133110140596724,0.0192142189238044,0.000599820071967549,-0.0302541129663654
26-Dec-2008,-0.0164343064634248,0.00169855663558151,-0.00904074465214907,0.0343168511222567
02-Jan-2009,0.0661622022536688,-0.0069239150728242,0.0133110140596724,-0.0652374767022769
09-Jan-2009,-0.0419684848225016,0.0122249696225689,-0.0216323001271138,-0.0709468956507298
16-Jan-2009,-0.043429557927336,0.026349775322782,-0.0591132644925066,0.0949313050919676
23-Jan-2009,-0.0256255476389727,-0.0235757365287057,-0.026343975339602,0.000276019325134023
30-Jan-2009,-0.00581688532156485,-0.00230264906267556,-0.0139975096438537,-0.00515995330617318
06-Feb-2009,0.0525924501191706,0.0098513160503742,-0.0151136378100482,-0.0385573168402266
13-Feb-2009,-0.0452065928380792,0.00767050630421974,-0.0340739803337514,0.0148728324907745
20-Feb-2009,-0.0711738194545249,0.000799680170564244,-0.0573113667131135,0.0843992519790011
27-Feb-2009,-0.0429075010112765,-0.0155198116580368,0.0261549574768512,-0.0127600249179659
06-Mar-2009,-0.0728933255203248,-0.00551518068811011,-0.0713885960876529,0.0763604692004623
13-Mar-2009,0.101563315409441,-0.0145046862028817,0.084524955069688,-0.1318844469908
20-Mar-2009,0.0174469136037207,0.00458945233380722,0.0221528046411333,-0.0520836364992497
27-Mar-2009,0.0622233431801319,-0.00571630699610919,0.0383549538764639,-0.0947985018894728
03-Apr-2009,0.0343048036919902,0.0274205955759922,0.00299550897979837,-0.0541601516775653
09-Apr-2009,0.0173486383346131,-0.000100005000333347,0.0356566772080347,-0.075588041976265
17-Apr-2009,0.0154795708483864,0.00925702126267685,0.0194103935198234,-0.0825355651244374
24-Apr-2009,-0.00440970848870007,0.0128175037106143,-0.0214279474136204,-0.0349432465401591
01-May-2009,0.0163653540862642,0.00339423306801562,-0.013591953519467,-0.0380274731832121
08-May-2009,0.0549615580739743,-0.0296348051296907,0.0725996924143435,-0.145905969584014
15-May-2009,-0.0522411118456905,-0.000600180072032461,-0.0558298849606706,0.0891491574520948
22-May-2009,0.00717420374800045,0.000499875041650993,-0.00712532494258863,-0.0357838542359037
29-May-2009,0.0364283566135514,0.00955421280481171,-0.00521356705288743,-0.0260117253537751
05-Jun-2009,0.0256677467485778,0.0355601753985509,-0.0113643300790498,-0.0138550303092957
12-Jun-2009,0.00598207167754747,-0.0133892371190161,0.000899595242835994,-0.0256648638329809
19-Jun-2009,-0.027371196796132,0.00169855663558151,-0.0103534120794916,0.0588400430375756
26-Jun-2009,-0.000600180072032461,0.011137744410456,-0.00631992874481935,0.0182398635120054
02-Jul-2009,-0.0232686269393543,-0.000400080021339691,-0.00772979806194127,0.0118430006677927
10-Jul-2009,-0.0217344921460061,-0.0112631922787107,-0.0140989243795016,0.0342061687272096
17-Jul-2009,0.068032410391827,0.00429078141715625,0.0381624610943489,-0.0313142853264379
24-Jul-2009,0.0428679002271759,0.0123237496888319,0.0124225199985571,-0.0413418479344663
31-Jul-2009,0.00915793778476572,0.00538547227633789,0.0241070753432331,-0.0287993976373083
07-Aug-2009,0.0243998868235351,-0.00611868100817718,0.0542987734073789,-0.0659982440950881
14-Aug-2009,-0.00631992874481935,-0.00702461493696447,0.004489905272852,-0.0118136200125103
21-Aug-2009,0.0213700257361925,0.0113355096637457,0.00628023795715046,-0.0070358437799229
28-Aug-2009,0.00189819728308027,-0.00170144663975757,0.0153811020383024,-0.0152617690298094
04-Sep-2009,-0.0108587433348759,0,-0.0197946273281795,0.0123632528757291
11-Sep-2009,0.0276151670329734,0.015085637418041,0.0168571170664228,-0.027400900814242
18-Sep-2009,0.02557027611153,0.0115332358136731,0.0196065296389183,-0.0338611725782811
25-Sep-2009,-0.0232686269393543,-0.00551518068811011,-0.0185713855854353,0.0108316172738264
02-Oct-2009,-0.019080887812792,-0.0116678048676821,-0.00783057911518856,0.0111586794294529
09-Oct-2009,0.046119935613553,0.0115332358136731,0.0280041964095973,-0.00131502500929364
16-Oct-2009,0.0136070034062169,-0.00571630699610919,-0.00471107973011922,0.00209247858470159
23-Oct-2009,-0.0087380659432853,-0.0153167041118933,-0.0138961051921114,0.00597336641012985
30-Oct-2009,-0.0458345363437994,-0.0239853627505113,-0.0356271776431512,-0.0231958666241846
06-Nov-2009,0.0331445985923021,0.000799680170564244,0.00109939544330106,0.0185411107891613
13-Nov-2009,0.0209784063851918,-0.0150121201205036,0.00806737107775879,0.0124522846617483
20-Nov-2009,-0.00190180728959633,0.000499875041650993,-0.00561573878563575,-0.0177784525226589
27-Nov-2009,-0.000900405243164155,-0.00712532494258863,-0.0115666363714654,-0.00683303075663336
04-Dec-2009,0.0156764793850076,0.0260575343192896,0.00558437829390066,0.00207310059538677
11-Dec-2009,0.00119928057548219,-0.00370686193132651,0.000299955008997942,-0.00162786586174457
18-Dec-2009,-0.000100005000333347,0.0184291354683671,0.00389241471534385,0.0145186007339372
24-Dec-2009,0.0232281261192072,0.0156764793850076,0.000799680170564244,0.0168556302533264
31-Dec-2009,-0.0101513510563754,-0.00250313021811848,-0.0014009809156281,-0.00600939049109544
08-Jan-2010,0.0284902703996274,0.00259662584726591,0.0382587121170903,0.00661904300195536
15-Jan-2010,-0.00914165791728339,0.00109939544330106,-0.0152151658064804,-0.0196088734252926
22-Jan-2010,-0.0363528294657983,0.00836491633162767,-0.018775155326334,-0.0300887711764038
29-Jan-2010,-0.0171461588349705,-0.00752826642079152,0.000799680170564244,-0.0153146259195182
05-Feb-2010,-0.00813298323018899,-0.00712532494258863,-0.00170144663975757,0.00546715130063938
12-Feb-2010,0.0140015196358136,0.022934971282496,0.00776973726436069,0.0247072886001752
19-Feb-2010,0.0313048498284125,0.000199980002666245,0.0166604408931072,0.00795748045281191
26-Feb-2010,-0.00370686193132651,-0.00370686193132651,0.00737275432941316,0.00511081104741384
05-Mar-2010,0.0340148785872776,0.0249852526939086,0.0124225199985571,0.0258876863025101
12-Mar-2010,0.0117309228756987,0.00359353551013022,0.004489905272852,0.0107807154268448
19-Mar-2010,0.00608147031586795,-0.0118701725704874,-0.00722604509173958,-0.0231564718425872
26-Mar-2010,0.00657831536012251,0.000299955008997942,0.0115332358136731,0.023011501060515
01-Apr-2010,0.0101483310518151,-0.00330545700872648,0.00657831536012251,0.00527648162495009
09-Apr-2010,0.0161685811615837,0.0116320842297077,0.0219571673520421,0.011631208003994
16-Apr-2010,0.000999500333083423,0.0268366539535598,-0.00551518068811011,0.00322501683006273
23-Apr-2010,0.0216636396360264,0.0173486383346131,0.0183309566847234,0.0163004209698686
30-Apr-2010,-0.0265493352335365,-0.0069239150728242,-0.0149106127357542,-0.0109962735927668
07-May-2010,-0.0702078950434964,-0.0218366946091744,-0.0223478636639076,-0.0275012135130126
14-May-2010,0.0276151670329734,0.0368139731227164,0.000999500333083423,0.0232735274650933
21-May-2010,-0.0459392319414452,-0.0239853627505113,-0.0108587433348759,-0.0190617349300754
28-May-2010,0.0061808590750811,0.0136070034062169,0.0097522914426783,0.0298691155453691
04-Jun-2010,-0.0246001168682327,-0.0143017847108596,-0.0222456089473197,-0.0105135799353147
11-Jun-2010,0.0243022925229648,-0.00491204436102064,-0.00130084573304807,0.00373974821034849
18-Jun-2010,0.0238141780992549,0.00379279823869626,0.00389241471534385,0.0105721322111574
25-Jun-2010,-0.0358344530092161,0.00189819728308027,-0.00390762483101708,-0.00675321371056303
02-Jul-2010,-0.0540338884924856,-0.0153167041118933,-0.02081513971392,-0.0349286982576599
09-Jul-2010,0.052497568957754,-0.00823380492710354,0.0114343776256632,0.0185556742547404
16-Jul-2010,-0.0136933271320026,-0.0122750308756126,-0.0118701725704874,-0.0172024333151755
23-Jul-2010,0.0383549538764639,0.0280041964095973,-0.00130084573304807,0.0163428507266675
30-Jul-2010,-0.00130084573304807,0,0.00935609492402503,-0.00232449411424675
06-Aug-2010,0.0166604408931072,-0.0162310131104173,-0.00672254576082681,-0.00300617587836815
13-Aug-2010,-0.0409261666126458,-0.0251127008150753,-0.00601807232556302,-0.00221055409545976
20-Aug-2010,-0.00420884477405468,0.0102473164515495,-0.00964637705180545,0.00928933380193481
27-Aug-2010,-0.00511304938682301,0.0108410231778748,-0.00240288461631031,0.00036582440358909
03-Sep-2010,0.0377773643340299,0.00109939544330106,0.00767050630421974,0.0136692394723782
10-Sep-2010,0.00309520490730252,-0.0134905901824991,-0.00200200267067308,-0.00402525298407978
17-Sep-2010,0.0167587838149546,0.0106431600984798,-0.0183676573581849,0.00478825736565361
24-Sep-2010,0.0213700257361925,0.0117309228756987,-0.0087380659432853,0.00548844756842234
01-Oct-2010,0.00109939544330106,0.0140015196358136,-0.000500125041682243,-0.00811926570233116
08-Oct-2010,0.0167587838149546,0.00578324475572736,0.00159872136369707,0.00216689063372384
15-Oct-2010,0.0100493358530014,0.0123237496888319,-0.0214279474136204,0.00695801528932124
22-Oct-2010,0.00458945233380722,-0.00621929981391683,0.00279608730200119,-0.00145064457107825
29-Oct-2010,0.00239712459972145,-0.000300045009001992,-0.0106565801885289,0.00589180078839699
05-Nov-2010,0.0359461267734691,0.00965325702813835,0.0149871298082482,-0.00542467531995326
12-Nov-2010,-0.0203047533403643,0.000499875041650993,-0.00611868100817718,-0.00151047558957142
19-Nov-2010,0.00259662584726591,0.00767050630421974,-0.00621929981391683,0.0150531036483019
26-Nov-2010,-0.00501254182354429,0.0199006617063362,-0.0155198116580368,0.0219083320161219
03-Dec-2010,0.0295588022415444,-0.00250313021811848,0.0108410231778748,-0.00331621150876433
10-Dec-2010,0.0146915487429897,0.0101483310518151,0.0145930023029001,-0.00742979863250968
17-Dec-2010,0.00369317183761761,0.00109939544330106,-0.00863719339566359,-0.00691559577330115
23-Dec-2010,0.0104452578615386,0.000699755114273265,0.0153811020383024,-0.00874674354792429
31-Dec-2010,0.000399920021326891,-0.00601807232556302,0.00657831536012251,-0.00370986994966158
07-Jan-2011,0.0113355096637457,-0.00611868100817718,0.00429078141715625,-0.00643613353805235
14-Jan-2011,0.0174469136037207,0.00806737107775879,0.00389241471534385,0.00216044229440729
21-Jan-2011,-0.0125787822068601,-0.0321100539182336,0.00329456694943011,-0.0182816417531433
28-Jan-2011,-0.00380723834295407,0.00677698427902367,-0.00180162194662821,0.0113195194813374
04-Feb-2011,0.0273232956488904,0.00439034830129285,-0.00813298323018899,0.0129655639358433
11-Feb-2011,0.0165620882989782,0.0104452578615386,0.00697561373642514,0.0150576167955739
18-Feb-2011,0.010742096531902,0.00409161790325356,0.00588266315815551,-0.00063156742095208
25-Feb-2011,-0.0174513936137559,0,-0.000700245114393426,0.000233200950694459
04-Mar-2011,0.00189819728308027,0.00309520490730252,-0.00611868100817718,0.011942765701586
11-Mar-2011,-0.0144032303107437,-0.0157229604652362,0.0094551587707552,-0.0206874148261179
18-Mar-2011,-0.0182658088068925,0.00776973726436069,0.000999500333083423,0.00586466826418829
25-Mar-2011,0.0289761082365172,0.013705647056112,-0.0115666363714654,0.0248846954465802
01-Apr-2011,0.0157749191153622,0.0120273802127185,-0.00380723834295407,0.00837926883193837
08-Apr-2011,-0.00300450902029872,-0.00280392733273426,-0.00150112612626709,-0.0110747900926465
15-Apr-2011,-0.0069239150728242,-0.00170144663975757,-0.01197137178122,0.00151055292422394
21-Apr-2011,0.0135083500247923,0.0017983819413794,-0.0120725812342692,0.0144330685267221
29-Apr-2011,0.0199006617063362,0.00119928057548219,-0.00320513094894834,-0.0027355630062384
06-May-2011,-0.0189789665978029,-0.019080887812792,-0.00350613932928759,-0.0269768622190177
13-May-2011,-0.000600180072032461,0.00568381646829771,-0.0147076288722743,-0.00153680341498762
20-May-2011,-0.00370686193132651,-0.00712532494258863,9.99950003332973e-05,0.00548630250961448
27-May-2011,0.000299955008997942,0.0100493358530014,-0.00250313021811848,0.0152931106385349
03-Jun-2011,-0.0252152491410638,-0.00934351500315247,-0.000600180072032461,-0.000807621031525158
10-Jun-2011,-0.02408779552909,-0.00984833605481441,0.000599820071967549,-0.0060701687967038
17-Jun-2011,9.99950003332973e-05,9.99950003332973e-05,0.00876150566857267,-0.0119082692131654
24-Jun-2011,0.0021975835434872,0.0233258253034968,-0.0112631922787107,0.0211937111874114
01-Jul-2011,0.0542987734073789,-0.00420884477405468,-0.00360649559411174,0.0217088521353225
08-Jul-2011,0.00518652668730015,0.0112366319259878,-0.0175531592475892,0.0165120185727458
15-Jul-2011,-0.0217344921460061,-0.00290421314738983,-0.00260338587011493,-0.000840718575916582
22-Jul-2011,0.020390689647734,-0.00793137032628028,-0.000500125041682243,-0.000649365433746813
29-Jul-2011,-0.0419684848225016,-0.0126800531573745,0.00628023795715046,-0.0114410283648677
05-Aug-2011,-0.0805595078584169,-0.0227569871226162,-0.000500125041682243,-0.0288533131576527
12-Aug-2011,-0.0160277610771973,-0.0112631922787107,-0.0351091771135679,0.0366194476404573
19-Aug-2011,-0.0518197487297965,-0.0162310131104173,0.017839918128331,-0.041968682393166
26-Aug-2011,0.0488853977298107,0.0112366319259878,-0.0125787822068601,0.0269694445986768
02-Sep-2011,-0.0021022080918702,-0.0087380659432853,-0.0116678048676821,0.0145422506502016
09-Sep-2011,-0.0157229604652362,0.00409161790325356,-0.00250313021811848,0.00570699545200484
16-Sep-2011,0.0532563663004315,0.00279608730200119,-0.00340579313483282,-0.0010359524137209
23-Sep-2011,-0.0701006276794891,-0.0158245503469715,-0.0164343064634248,0.0262204339473151
30-Sep-2011,-0.00621929981391683,-0.00924258136693254,0.0238141780992549,-0.0181574980613632
07-Oct-2011,0.02244618882983,0.00229735904868346,-0.0162310131104173,-0.00230746381327088
14-Oct-2011,0.0609069349035214,0.0217614917815127,-0.00300450902029872,-0.0109492941419362
21-Oct-2011,0.0094551587707552,-0.0175531592475892,0.0219571673520421,-0.0170893714690438
28-Oct-2011,0.0400857235392856,0.0240094524603519,0.00389241471534385,-0.0416295466360411
04-Nov-2011,-0.0230639395985517,0.0081665626663934,-0.016739324004298,0.0266594958994832
11-Nov-2011,0.00608147031586795,-0.0104544579038589,0.00538547227633789,0.0077174256195928
18-Nov-2011,-0.0375980304153185,0.004489905272852,-0.00100050033358353,0.0264815249522383
25-Nov-2011,-0.0498206949839559,-0.0242926925690446,-0.00390762483101708,0.0254868938648039
02-Dec-2011,0.0739936799083263,0.0218593343528935,0.00568381646829771,-0.0203195289656019
09-Dec-2011,0.00856323066048781,0.00439034830129285,0.00109939544330106,-0.00222812031094828
16-Dec-2011,-0.0292228586769033,-0.00400802139753882,0.00628023795715046,0.0298716152349665
23-Dec-2011,0.0359461267734691,-0.00521356705288743,0.0146915487429897,-0.0097055555259362
30-Dec-2011,-0.00621929981391683,-0.00190180728959633,-0.00440970848870007,0.00576992413846587
06-Jan-2012,0.0168571170664228,-0.00581688532156485,0.00836491633162767,-0.0319677735364854
13-Jan-2012,0.0117309228756987,0.00876150566857267,0.00169855663558151,-0.0227234256121376
20-Jan-2012,0.0210763256019163,0.00578324475572736,-0.00180162194662821,-0.0272632911483485
27-Jan-2012,0.00329456694943011,0.017938145131013,-0.0171461588349705,-0.0119376586356048
03-Feb-2012,0.0246926125903714,0.0162669724638719,0.00329456694943011,-0.0183847410257633
10-Feb-2012,-0.00230264906267556,-0.0163326546208976,-0.00360649559411174,0.00842781449759287
17-Feb-2012,0.0158733491562902,0.00339423306801562,0.00369317183761761,-0.00727952790654854
24-Feb-2012,0.00259662584726591,-0.00581688532156485,-0.0101513510563754,0.00757979364710709
02-Mar-2012,0.000499875041650993,-0.0343844268618308,0.00439034830129285,0.0104622482219724
09-Mar-2012,0.00319489089651929,0.0165620882989782,0.000599820071967549,0.0135421488094451
16-Mar-2012,0.0226417304808246,-0.00762902716449116,0.015282623531157,-0.0212221560898177
23-Mar-2012,-0.00440970848870007,0.00608147031586795,-0.00310481495347876,0.0129026385707956
30-Mar-2012,0.00737275432941316,-0.00642056780292269,-0.00390762483101708,0.0100718920435336
05-Apr-2012,-0.00712532494258863,-0.00642056780292269,-0.0069239150728242,0.0276696364350139
13-Apr-2012,-0.0207130415975416,-0.00180162194662821,-0.00160128136697388,0.00567944860476277
20-Apr-2012,0.00558437829390066,0.0017983819413794,0.00429078141715625,0.00669937875679195
27-Apr-2012,0.0185273046138836,0.0066776547532405,-0.000600180072032461,0.00306542586501801
04-May-2012,-0.0271656680727696,-0.0159261505502593,0.00109939544330106,0.0151671129857407
11-May-2012,-0.0099493308536681,0.00826574441703259,0.0017983819413794,0.0164496787333049
18-May-2012,-0.0457298517061743,-0.00481155699722208,-0.00130084573304807,0.02797084212628
25-May-2012,0.0193123110323729,0.00498754151103897,-0.0106565801885289,-0.00388473582779202
01-Jun-2012,-0.0320067961350865,-0.00531409482376877,0.00488803407277587,0.00579016367279318
08-Jun-2012,0.0366211834556454,0.00149887612373595,-0.00150112612626709,-0.00772353386615184
15-Jun-2012,0.0106431600984798,-0.0105555139395166,0.0066776547532405,0.00151014969916097
22-Jun-2012,-0.00350613932928759,0.0114343776256632,-0.00190180728959633,0.00361312690802918
29-Jun-2012,0.0207825391825284,0.00905884448834615,0.000299955008997942,-0.0116010736528279
06-Jul-2012,-0.00260338587011493,0.0154795708483864,-0.00471107973011922,0.0130944368871707
13-Jul-2012,-0.000500125041682243,-0.01197137178122,0.00568381646829771,0.0216389369444547
20-Jul-2012,0.00259662584726591,-0.0133892371190161,-0.0171461588349705,-0.00362214100138661
27-Jul-2012,0.0143958802837323,-0.0126800531573745,0.00876150566857267,-0.00312801422982965
03-Aug-2012,0.00169855663558151,-0.0124775215111126,0.00935609492402503,0.00380066994408942
10-Aug-2012,0.0136070034062169,0.00707491367196198,0.00856323066048781,-0.035476427582167
17-Aug-2012,0.0112366319259878,0.0119285708652738,-0.00170144663975757,0.00483984412826133
24-Aug-2012,-0.00551518068811011,-0.0107576566529602,0.00239712459972145,0.00356171365113491
31-Aug-2012,-0.00180162194662821,0.00429078141715625,-0.000900405243164155,0.00706400785754651
07-Sep-2012,0.0251802985302983,0.00826574441703259,0.0129162252665462,-0.0169542522727706
14-Sep-2012,0.0206845911928326,0.00608147031586795,0.0185273046138836,-0.0230957162929159
21-Sep-2012,-0.00481155699722208,-0.00270365157431482,-0.0117689835999989,0.0188506328746458
28-Sep-2012,-0.0142003494011414,-0.00662187630888697,-0.00400802139753882,0.00756441771404609
05-Oct-2012,0.0144944461504525,-0.0113643300790498,0.0147900854726353,0.0106215386956069
12-Oct-2012,-0.0223478636639076,-0.00130084573304807,0.00588266315815551,-0.0109665735102224
19-Oct-2012,0.00259662584726591,-0.0124775215111126,0.0177416814761571,0.000884811860992332
26-Oct-2012,-0.0137947110221893,0.0081665626663934,-0.00390762483101708,0.00223283673129101
02-Nov-2012,0.00269636154774253,0.00119928057548219,0.00846407841212936,-0.00953599813570462
09-Nov-2012,-0.0235757365287057,0.000899595242835994,-0.00883894866720439,0.00346878283016727
16-Nov-2012,-0.0147076288722743,-0.0107576566529602,-0.00290421314738983,0.00371879836163761
23-Nov-2012,0.0365247746823722,0.00419120461846805,0.00159872136369707,0.00605803412763564
30-Nov-2012,0.00826574441703259,0.0155780299633185,-0.00410842804454319,-0.00310763620363435
07-Dec-2012,0.00129915573162013,-0.00621929981391683,0.0133110140596724,-0.0169588947798353
14-Dec-2012,-0.0014009809156281,0.00558437829390066,0.00836491633162767,-0.0148243180277791
21-Dec-2012,0.0139029051689914,0.0105442138756711,0.0129162252665462,0.00185700587146614
28-Dec-2012,-0.0189789665978029,0.000899595242835994,0.00159872136369707,0.00587383074691407
04-Jan-2013,0.0468835858988505,0.00846407841212936,0.0081665626663934,-0.00362172839013019
11-Jan-2013,0.00439034830129285,-0.00330545700872648,-0.00783057911518856,0.00705816233748672
18-Jan-2013,0.0097522914426783,0.00478851673179709,-0.000500125041682243,-0.00561272824510733
25-Jan-2013,0.0126200313561022,0.000799680170564244,0.000999500333083423,-0.00704862241344374
01-Feb-2013,0.00727348396649847,-0.00200200267067308,0.0105442138756711,-0.000919216042013409
08-Feb-2013,0.004489905272852,9.99950003332973e-05,-0.000400080021339691,-0.00510794687157089
15-Feb-2013,0.00229735904868346,0.00647896609770907,0.0112366319259878,0.00528725099798422
22-Feb-2013,-0.00360649559411174,-0.00501254182354429,-0.00591747376403762,0.00179719346807772
01-Mar-2013,0.00199800266267306,-0.00551518068811011,-0.0104544579038589,0.0207245006540681
08-Mar-2013,0.0243998868235351,0.00508703904855721,0.00687630393943206,0.00711154188045228
15-Mar-2013,0.0066776547532405,0.00289580311202547,0.0098513160503742,-0.0142338981414608
22-Mar-2013,-0.0021022080918702,0.000499875041650993,-0.00783057911518856,0.0100836633004063
28-Mar-2013,0.00846407841212936,-0.00190180728959633,-0.00813298323018899,0.0104773238392356
05-Apr-2013,-0.0139975096438537,-0.0201006717070029,0.000899595242835994,0.00346659807480236
12-Apr-2013,0.0235211950413459,0.000399920021326891,-0.00230264906267556,0.00567374311955737
19-Apr-2013,-0.0226546905648062,-0.0140989243795016,-0.00621929981391683,0.0183819716764983
26-Apr-2013,0.019018005835762,0.00528600442923744,0.0151841353250401,-0.0123492873555451
03-May-2013,0.0202927032677624,0.00289580311202547,-0.001100605444033,-0.0138619025348522
10-May-2013,0.0142973047008244,0.00677698427902367,0.00608147031586795,-0.0030209793615682
17-May-2013,0.0211742352314066,-0.001100605444033,0.0066776547532405,0.00493773922274795
24-May-2013,-0.0107576566529602,0.00159872136369707,0.00209779808214612,-0.00655262880400067
31-May-2013,-0.00762902716449116,0.0108410231778748,0.0103462920541443,-0.00283440764835745
07-Jun-2013,0.00727348396649847,-0.00400802139753882,-0.0021022080918702,0.00101947247873006
14-Jun-2013,-0.00934351500315247,0.00508703904855721,-0.00571630699610919,0.00207298905960377
21-Jun-2013,-0.0210193672240755,0.00588266315815551,0.00329456694943011,-0.00835053914358578
28-Jun-2013,0.0110388471152164,0.00478851673179709,0.00269636154774253,0.00853730590365949
05-Jul-2013,0.0182327682610597,0.0140015196358136,0.0017983819413794,0.010171471382129
12-Jul-2013,0.0297529581493478,0.000999500333083423,-0.00541463270149884,0.00607942703329142
19-Jul-2013,0.00717420374800045,0.00409161790325356,0.0183309566847234,-0.00112564431909663
26-Jul-2013,0.00119928057548219,-0.00170144663975757,-0.00240288461631031,-0.000405346086060451
02-Aug-2013,0.0142973047008244,-0.00120072057651888,-0.0101513510563754,0.0141400061944979
09-Aug-2013,-0.00984833605481441,-0.000300045009001992,-0.00440970848870007,-0.00751911426782759
16-Aug-2013,-0.0206109539041243,0.000999500333083423,0.00389241471534385,-0.00935192378093622
23-Aug-2013,0.00608147031586795,0.00915793778476572,-0.01197137178122,0.00577286873877098
30-Aug-2013,-0.0188770557696892,-0.00511304938682301,-0.0132878943269354,-0.00209077567737731
06-Sep-2013,0.0147900854726353,0.00259662584726591,0.00309520490730252,0.0126405988077107
13-Sep-2013,0.0213700257361925,0.00269636154774253,-0.00350613932928759,0.00707457376789792
20-Sep-2013,0.0135083500247923,0.00558437829390066,-0.00611868100817718,0.00307907897204892
27-Sep-2013,-0.00772979806194127,0.0119285708652738,-0.00561573878563575,0.00945251510827245
04-Oct-2013,0.00169855663558151,0.00329456694943011,0.00149887612373595,0.00997120320487352
11-Oct-2013,0.00548493023056975,-0.00260338587011493,0.0138042809763971,-0.00666659189596357
18-Oct-2013,0.0247901688072187,0.0021975835434872,0.000299955008997942,0.0150692256822996
25-Oct-2013,0.00717420374800045,-0.00180162194662821,-0.00350613932928759,-0.0119280953786754
01-Nov-2013,-0.00120072057651888,-0.0174513936137559,0.00169855663558151,-0.00443810318515136
08-Nov-2013,0.00468898948613147,0.000799680170564244,0.00707491367196198,-0.00554669857368414
15-Nov-2013,0.0169554406494134,-0.000200020002667045,-0.00944445882799969,0.00677609842119582
22-Nov-2013,0.00359353551013022,0.00169855663558151,0.00806737107775879,0.000392334086601082
29-Nov-2013,0.00349388925425584,0.0162669724638719,-0.00571630699610919,-0.00172784781742276
06-Dec-2013,-0.000700245114393426,-0.00843547882110158,-0.001100605444033,0.00206953964468589
13-Dec-2013,-0.0147076288722743,-0.00722604509173958,0.00488803407277587,0.00405817672003302
20-Dec-2013,0.0252778071842686,0.0104452578615386,-0.00410842804454319,0.00368948705767747
27-Dec-2013,0.0134096869099177,0.0021975835434872,-0.000300045009001992,-0.00964118596278462
03-Jan-2014,-0.00420884477405468,-0.000600180072032461,-0.00100050033358353,0.00159657445494656
10-Jan-2014,0.0066776547532405,0.00538547227633789,-0.0143017847108596,0.0169314434895134
17-Jan-2014,-0.00120072057651888,0.00637960696403899,-0.00702461493696447,-0.00343333091498222
24-Jan-2014,-0.026343975339602,0.00468898948613147,-0.000800320170769155,-0.0126662496372194
31-Jan-2014,-0.00440970848870007,-0.00853633102228634,-0.001100605444033,0.0109587859518818
07-Feb-2014,0.00558437829390066,-0.0220411308768803,9.99950003332973e-05,0.00213597182637124
14-Feb-2014,0.0249852526939086,0.00548493023056975,0,0.00308579961040396
21-Feb-2014,0.00139902091370741,0.0154795708483864,-0.00823380492710354,0.0119501283314142
28-Feb-2014,0.0136070034062169,0.00439034830129285,0.00409161790325356,0.00228639879727187
07-Mar-2014,0.0116320842297077,0.00478851673179709,0.0159717695096987,0.00364490707969942
14-Mar-2014,-0.0195906497650041,0.00199800266267306,-0.000800320170769155,-0.00600674223950892
21-Mar-2014,0.0127187724077746,-0.00551518068811011,0.0204886664273156,-0.00678415573660206
28-Mar-2014,-0.0101513510563754,-0.0297378182639564,0.0162669724638719,-0.0306145521393136
04-Apr-2014,0.00329456694943011,-0.00310481495347876,0.0110388471152164,-0.011974524525129
11-Apr-2014,-0.0291198985738521,-0.00793137032628028,9.99950003332973e-05,-0.0220424708426828
17-Apr-2014,0.0264471700148482,-0.00531409482376877,0.00189819728308027,0.0107472478509008
25-Apr-2014,-0.00340579313483282,-0.010959840236342,0.00548493023056975,-0.0124294777938421
02-May-2014,0.0098513160503742,-0.00541463270149884,-0.00631992874481935,0.00319691770960928
09-May-2014,-0.00471107973011922,-0.0197946273281795,0.00747201483870106,-0.00953921444327895
16-May-2014,0,-0.00200200267067308,-0.0121738009317088,-0.00165521226097825
23-May-2014,0.0138042809763971,0.00806737107775879,-0.00230264906267556,0.0169569140732839
30-May-2014,0.0117309228756987,-0.00511304938682301,0.00249688019858715,0.00908331985947623
06-Jun-2014,0.0158733491562902,0.0104452578615386,0.00319489089651929,0.00428556226509511
13-Jun-2014,-0.00521356705288743,0.00727348396649847,-0.00652121699026546,-0.00711608442501564
20-Jun-2014,0.0149871298082482,0.00767050630421974,-0.00310481495347876,0.00599184645731824
27-Jun-2014,-0.000600180072032461,0.0017983819413794,-0.00230264906267556,-0.00152283168240686
03-Jul-2014,0.013705647056112,0.00498754151103897,-0.00390762483101708,0.00319631453109911
11-Jul-2014,-0.013591953519467,-0.0309748042994305,0.00598207167754747,0.000390555053135271
18-Jul-2014,0.00369317183761761,-0.0145046862028817,0.00886062843219647,-0.00275132399887948
25-Jul-2014,-0.000100005000333347,-0.00491204436102064,-0.00833463679005763,0.00398603270948453
01-Aug-2014,-0.0266520309974265,0.00259662584726591,-0.00250313021811848,-0.00993533517936378
08-Aug-2014,0.00508703904855721,0.0098513160503742,-0.00561573878563575,-0.00193640311297337
15-Aug-2014,0.0130149370774948,-0.00481155699722208,-0.00380723834295407,0.00815602789271214
22-Aug-2014,0.0177416814761571,0,0.00379279823869626,-0.00160864736851074
29-Aug-2014,0.00886062843219647,0.00119928057548219,9.99950003332973e-05,0.00219265291358268
05-Sep-2014,0.0017983819413794,-0.00501254182354429,-0.000400080021339691,0.000784340768496255
12-Sep-2014,-0.00863719339566359,0.00538547227633789,-0.00511304938682301,-0.00201146897511246
19-Sep-2014,0.0089597413714718,-0.0236781273545771,0.00409161790325356,0.00707634449185846
26-Sep-2014,-0.0159261505502593,-0.00772979806194127,-0.0089398415694743,0.00747623107508202
03-Oct-2014,-0.00793137032628028,-0.00400802139753882,-0.00702461493696447,-0.00122306065863817
10-Oct-2014,-0.0365602553118024,-0.0142003494011414,0.0061808590750811,-0.00321846806659152
17-Oct-2014,-0.00511304938682301,0.0350775266126962,-0.0089398415694743,-0.0172667126765678
24-Oct-2014,0.0397974698740661,-0.00762902716449116,-0.00682322534812554,0.0222095430877013
31-Oct-2014,0.0282958691548473,0.0225439644348944,-0.0014009809156281,0.00308573840586681
07-Nov-2014,0.00687630393943206,-0.00742751582879658,0.0066776547532405,-0.000667509071320554
14-Nov-2014,0.00538547227633789,-0.000800320170769155,-0.0127813343647332,-0.00316549281060475
21-Nov-2014,0.0104452578615386,-0.0140989243795016,-0.00240288461631031,0.000528076320747118
28-Nov-2014,0.00259662584726591,0.00129915573162013,-0.0204068097776626,0.0278660239579866
05-Dec-2014,0.00289580311202547,0.00129915573162013,0.0130149370774948,0.0225090783349709
12-Dec-2014,-0.0350056091988153,0.00856323066048781,-0.0087380659432853,0.0165060080387837
19-Dec-2014,0.0341115296287678,0.00159872136369707,0.00568381646829771,-0.0188986221855928
26-Dec-2014,0.0102473164515495,0.00637960696403899,0.00548493023056975,0.000827447216056367
02-Jan-2015,-0.0138961051921114,0.000999500333083423,0.00558437829390066,-0.00841399944820298
09-Jan-2015,-0.00783057911518856,-0.00390762483101708,-0.0233709863232402,0.0275743655009982
16-Jan-2015,-0.0132878943269354,0.00409161790325356,-0.00320513094894834,0.0181200248393538
23-Jan-2015,0.0162669724638719,-0.00682322534812554,-0.00410842804454319,0.00161670481573206
30-Jan-2015,-0.0253178079842899,0.00588266315815551,-0.00551518068811011,-0.021295591093302
06-Feb-2015,0.0326607822395483,0.00209779808214612,0.015282623531157,-0.0274945108901307
13-Feb-2015,0.0207825391825284,-0.00481155699722208,-0.0133892371190161,-0.00790299238377176
20-Feb-2015,0.00796816964917688,0.00159872136369707,-0.0142003494011414,0.00674759687822997
27-Feb-2015,-0.00190180728959633,0.00637960696403899,-0.00491204436102064,0.000395812687858217
06-Mar-2015,-0.0136933271320026,0.00588266315815551,-0.00521356705288743,0.000885181134739105
13-Mar-2015,-0.00611868100817718,0.016463726030665,0.00488803407277587,0.0268047039811301
20-Mar-2015,0.02557027611153,9.99950003332973e-05,-0.0103534120794916,0.00528630151040361
27-Mar-2015,-0.0218366946091744,0.00399202126953746,0.00229735904868346,-0.00866023983336646
02-Apr-2015,0.004489905272852,0.00697561373642514,0.010742096531902,-0.00782261846813402
10-Apr-2015,0.0165620882989782,-0.00712532494258863,-0.0137947110221893,-0.00901743602552942
17-Apr-2015,-0.0102523764643514,0.000199980002666245,0.00737275432941316,-0.022543020267156
24-Apr-2015,0.0175451792157489,-0.00250313021811848,-0.0139975096438537,0.0152002672749006
01-May-2015,-0.00772979806194127,-0.0262413112052271,0.0239118200463129,-0.0332989287028447
08-May-2015,0.00409161790325356,-0.000300045009001992,0.00109939544330106,0.0121404564409224
15-May-2015,0.00409161790325356,0.00319489089651929,-0.00471107973011922,0.00642871149055242
22-May-2015,0.00319489089651929,0.00419120461846805,-0.00130084573304807,0.0114114593110019
29-May-2015,-0.00793137032628028,0.00419120461846805,-0.00170144663975757,0.0161532293668422
05-Jun-2015,-0.00290421314738983,0.0183309566847234,-0.000900405243164155,-0.00195697854503182
12-Jun-2015,0.00109939544330106,0.00119928057548219,0.00608147031586795,0.00398891034476728
19-Jun-2015,0.00826574441703259,0.0066776547532405,-0.0139975096438537,0.0183500196037849
26-Jun-2015,-0.00350613932928759,0.00339423306801562,0.0061808590750811,0.00845337019977783
02-Jul-2015,-0.0133892371190161,-0.0158245503469715,-0.0069239150728242,0.0225335705704724
10-Jul-2015,-0.000200020002667045,0.00109939544330106,-0.0132878943269354,0.0272076219083416
17-Jul-2015,0.02244618882983,-0.0148091156537082,-0.0171461588349705,0.0176766592375063
24-Jul-2015,-0.0235757365287057,-0.0145046862028817,-0.00400802139753882,0.0303756400465927
31-Jul-2015,0.0118297517535772,9.99950003332973e-05,-0.00752826642079152,-0.00268123445885025
07-Aug-2015,-0.0136933271320026,-0.01197137178122,0.00886062843219647,0.0121804062350205
14-Aug-2015,0.00687630393943206,-0.00330545700872648,0.0125212805536717,-0.014579009828448
21-Aug-2015,-0.0585829574322979,0.0119285708652738,0,0.0166868014624264
28-Aug-2015,0.0106431600984798,9.99950003332973e-05,-0.00793137032628028,-0.0243135794659818
04-Sep-2015,-0.0312842900397664,0.0145930023029001,0.00129915573162013,0.000887663303256348
11-Sep-2015,0.0206845911928326,-0.00471107973011922,-0.0154182527283806,0.0276714218014612
18-Sep-2015,-0.00150112612626709,0.0117309228756987,-0.0178585183013132,0.00688000853195083
25-Sep-2015,-0.0178585183013132,-0.027371196796132,0.0356566772080347,0.0116620994905124
02-Oct-2015,0.00727348396649847,-0.0157229604652362,0.0061808590750811,-0.0187893835635409
09-Oct-2015,0.0338215484755107,0.015282623531157,0.0201947072855193,-0.0676598021037682
16-Oct-2015,0.0061808590750811,-0.0125787822068601,0.000699755114273265,0.0234414512273218
23-Oct-2015,0.0168571170664228,-0.0153167041118933,0.00249688019858715,0.00926770292198815
30-Oct-2015,0.00169855663558151,-0.0043092715880984,-0.0147076288722743,0.0123055038647198
06-Nov-2015,0.013705647056112,0.0258626595257274,0.00528600442923744,-0.00476567371058676
13-Nov-2015,-0.0379095730732202,-0.00904074465214907,-0.000200020002667045,0.0268165503836198
20-Nov-2015,0.0309171026347216,-0.00501254182354429,-0.00883894866720439,0.00384927680931323
27-Nov-2015,0.00379279823869626,0.0240094524603519,-0.00914165791728339,-0.00562048376067621
04-Dec-2015,-0.00190180728959633,-0.0154182527283806,0.00129915573162013,0.0266290036461241
11-Dec-2015,-0.0400930935664442,-0.00863719339566359,-0.0168410171960266,0.00168761352757076
18-Dec-2015,-0.00350613932928759,0.00139902091370741,-0.00783057911518856,0.0118398119706677
24-Dec-2015,0.0279069532530079,0.00229735904868346,0.00995033085316809,-0.0298461935497957
31-Dec-2015,-0.00904074465214907,-0.00793137032628028,-0.00581688532156485,0.0115375816782399
08-Jan-2016,-0.0642185723266512,-0.017756721589259,0.00528600442923744,0.0132722313178526
15-Jan-2016,-0.0258307600345215,-0.0133892371190161,-0.00190180728959633,0.0258855226884933
22-Jan-2016,0.013705647056112,0.00229735904868346,-0.0155198116580368,-0.0136979446364
29-Jan-2016,0.0169554406494134,-0.00642056780292269,0.0363319292473902,-0.0171098714593194
05-Feb-2016,-0.0341774518015865,-0.0137947110221893,0.0121261797978406,-0.0382533925791651
12-Feb-2016,-0.00823380492710354,-0.00511304938682301,-0.00380723834295407,0.0303405761874119
19-Feb-2016,0.0304322071202019,0.0094551587707552,-0.0166376411530232,-0.0223913980852178
26-Feb-2016,0.0182327682610597,0.0127187724077746,-0.001100605444033,-0.0194836189509772
04-Mar-2016,0.0303351997960729,0.0118297517535772,0.0238141780992549,-0.0680587680806783
11-Mar-2016,0.00995033085316809,-0.00521356705288743,0.0127187724077746,-0.00335304913067587
18-Mar-2016,0.0140015196358136,-0.00290421314738983,0.00209779808214612,-0.00818990604215367
24-Mar-2016,-0.00803217169726427,-0.0087380659432853,-0.00964637705180545,0.0231836893328957
01-Apr-2016,0.020390689647734,0.0161685811615837,-0.0203047533403643,0.00763288399248312
08-Apr-2016,-0.0117689835999989,-0.00180162194662821,-0.0165359686400995,-0.0117486496578338
15-Apr-2016,0.0192142189238044,0.00737275432941316,0.0206845911928326,-0.0239003920620628
22-Apr-2016,0.00737275432941316,0.0061808590750811,0.0173486383346131,-0.0439199308820616
29-Apr-2016,-0.01197137178122,-0.000900405243164155,0.0169554406494134,0.0143755449466743
06-May-2016,-0.00631992874481935,-0.0123762710680554,-0.00531409482376877,0.0449282947135183
13-May-2016,-0.00521356705288743,-0.00591747376403762,-0.00772979806194127,0.0205382141079346
20-May-2016,0.00548493023056975,0.0017983819413794,0.00628023795715046,-0.0296393496675916
27-May-2016,0.0240094524603519,0.0100493358530014,-0.0087380659432853,-0.0149351589310929
03-Jun-2016,0.00159872136369707,0.0130149370774948,-0.0132878943269354,-0.00786048320570901
10-Jun-2016,-0.00250313021811848,0.00558437829390066,-0.000800320170769155,0.0189975957037529
17-Jun-2016,-0.0120725812342692,-0.00310481495347876,-0.0014009809156281,-0.00219474736313778
24-Jun-2016,-0.0161293819298836,0.00319489089651929,-0.0021022080918702,0.0125179261274507
01-Jul-2016,0.0309171026347216,-0.00611868100817718,-0.00652121699026546,0.0022933426264876
08-Jul-2016,0.013705647056112,0.00806737107775879,-0.0139975096438537,0.00268226001965074
15-Jul-2016,0.0158733491562902,0.00578324475572736,0.0226417304808246,-0.0150738545358848
22-Jul-2016,0.00598207167754747,0,-0.0108587433348759,-0.00858768678458658
29-Jul-2016,0.000699755114273265,0.00757126549631813,-0.00310481495347876,-0.00884965179342931
05-Aug-2016,0.00558437829390066,0.00458945233380722,0.0066776547532405,-0.0195442780179356
12-Aug-2016,0.0017983819413794,-0.00330545700872648,-0.000900405243164155,-0.00128378903411345
19-Aug-2016,0.00149887612373595,0.00389241471534385,0.0148886124937506,-0.0119732017821522
26-Aug-2016,-0.00531409482376877,0.00647896609770907,0.00359353551013022,0.00245880176480577
02-Sep-2016,0.00697561373642514,0.00149887612373595,0.00647896609770907,0.00366892311554366
09-Sep-2016,-0.0232686269393543,0.000999500333083423,0.00309520490730252,-0.0166471703451224
16-Sep-2016,0.00558437829390066,0.00518652668730015,-0.0267547373088196,0.0047881416436836
23-Sep-2016,0.0125212805536717,0.0112366319259878,-0.00230264906267556,0.000975098573341579
30-Sep-2016,0.00209779808214612,-0.00190180728959633,0.0121261797978406,0.00817264702364293
07-Oct-2016,-0.00571630699610919,-0.00521356705288743,0.0121261797978406,-0.00477789144691106
14-Oct-2016,-0.0112631922787107,-0.0120725812342692,0.0066776547532405,0.0110762266099035
21-Oct-2016,0.00419120461846805,-0.00310481495347876,0.0066776547532405,-0.00793552892993991
28-Oct-2016,-0.00772979806194127,-0.0239853627505113,0.0143958802837323,0.00054825463274303
04-Nov-2016,-0.019080887812792,-0.00541463270149884,0.0115332358136731,0.0100068947738898
11-Nov-2016,0.045642357878701,0.0587404950226001,0.0245950468553801,-0.0385282803560218
18-Nov-2016,0.0128175037106143,0.00995033085316809,0.0138042809763971,0.00112732893205486
25-Nov-2016,0.0162669724638719,0.00796816964917688,0.00637960696403899,0.00496981052256206
02-Dec-2016,-0.0113643300790498,-0.0213257867147524,0.0383549538764639,0.00152362740370712
09-Dec-2016,0.032951100139686,0.0200967016991224,0.0183309566847234,-0.0164484695749139
16-Dec-2016,-0.00290421314738983,-0.0138961051921114,-0.00823380492710354,-0.00403758670650204
23-Dec-2016,0.00319489089651929,0.00189819728308027,0.00707491367196198,0.00717238089018545
30-Dec-2016,-0.0116678048676821,-0.00100050033358353,0.00119928057548219,-0.00100959342825904
06-Jan-2017,0.0167587838149546,-0.00621929981391683,-0.0120725812342692,-0.0185495255001328
13-Jan-2017,0.000899595242835994,0.004489905272852,-0.0106565801885289,0.00722394377688191
20-Jan-2017,-0.00310481495347876,-0.0114654781092781,-0.00180162194662821,0.00153928401641902
27-Jan-2017,0.0115332358136731,0.00209779808214612,0.00558437829390066,0.0226085136312414
03-Feb-2017,0.00149887612373595,0.00399202126953746,-0.00642056780292269,-0.006705896100614
10-Feb-2017,0.00876150566857267,0.00129915573162013,-0.0123762710680554,-0.010242868295763
17-Feb-2017,0.015085637418041,-0.00551518068811011,-0.00390762483101708,-0.0041160192579566
24-Feb-2017,0.00478851673179709,-0.0108587433348759,-0.00451015547788602,-0.0111348088517685
03-Mar-2017,0.00647896609770907,-0.00934351500315247,-0.000900405243164155,0.0104425003308404
10-Mar-2017,-0.00551518068811011,-0.0113643300790498,-0.0164343064634248,-0.00822862743850124
17-Mar-2017,0.00478851673179709,0.0183309566847234,-0.00270365157431482,0.00308272581635029
24-Mar-2017,-0.0166376411530232,-0.0089398415694743,-0.0184695162836613,-0.012549784380301
31-Mar-2017,0.0104452578615386,0.0163653540862642,0.00826574441703259,0.00224994543222347
07-Apr-2017,-0.00440970848870007,-0.0134905901824991,0.00149887612373595,-0.00011748720919827
13-Apr-2017,-0.0120725812342692,-0.00220242355520004,-0.0104544579038589,-0.0161652756342013
21-Apr-2017,0.0110388471152164,0.0180363624860986,-0.00180162194662821,0.0127742266787503
28-Apr-2017,0.0162669724638719,0.00309520490730252,-0.00974735145488007,0.00924724588474099
05-May-2017,0.00528600442923744,-0.00772979806194127,-0.00471107973011922,3.28415016121568e-05
12-May-2017,-0.00320513094894834,-0.00250313021811848,-0.0125787822068601,0.00519392076151806
19-May-2017,-0.00400802139753882,-0.00793137032628028,-0.00461061255768329,-0.00217722061031549
26-May-2017,0.0144944461504525,-0.00290421314738983,-0.00863719339566359,0.0171628305996206
02-Jun-2017,0.0108410231778748,0.0104452578615386,-0.016739324004298,0.00196841607153459
09-Jun-2017,-0.00240288461631031,0.00598207167754747,0.032951100139686,0.00714065097314669
16-Jun-2017,-0.000800320170769155,-0.0106565801885289,-0.00712532494258863,-0.00468833385809861
23-Jun-2017,0.00309520490730252,0.010742096531902,-0.0392607139533026,0.00843593777889736
30-Jun-2017,-0.00491204436102064,0.000399920021326891,0.0337248694016209,-0.00828447353124985
07-Jul-2017,0.000799680170564244,-0.00451015547788602,0.00339423306801562,0.0239125395142439
14-Jul-2017,0.0135083500247923,-0.00120072057651888,-0.0129839275582948,0.000979929661984395
21-Jul-2017,0.00548493023056975,0.000599820071967549,-0.00471107973011922,0.00147669890896713
28-Jul-2017,-0.000300045009001992,-0.00551518068811011,0.00687630393943206,-0.00752691705165493
04-Aug-2017,0.000899595242835994,-0.0180621428184085,0.00836491633162767,0.0164521614580677
11-Aug-2017,-0.0153167041118933,-0.0099493308536681,-0.010959840236342,0.00365498837114276
18-Aug-2017,-0.00672254576082681,-0.00732677538646086,-0.00360649559411174,0.0133016751895034
25-Aug-2017,0.0081665626663934,0.00558437829390066,0.00697561373642514,-2.68690587301446e-05
01-Sep-2017,0.0159717695096987,0.0141987193998129,-0.0145046862028817,0.00806705778969761
08-Sep-2017,-0.00772979806194127,0.00269636154774253,-0.0139975096438537,-0.0105663519672428
15-Sep-2017,0.0168571170664228,0.00677698427902367,0.0176434351725953,-0.0094338576082847
22-Sep-2017,0.00389241471534385,0.00876150566857267,0.0156764793850076,0.00724345399327419
29-Sep-2017,0.00905884448834615,0.0212721352755398,0.00588266315815551,0.00274326462950232
06-Oct-2017,0.0127187724077746,0.00119928057548219,-0.00190180728959633,0.00837700338077654
13-Oct-2017,0.000299955008997942,-0.00672254576082681,-0.00250313021811848,0.0158521955618153
20-Oct-2017,0.00905884448834615,-0.00772979806194127,0.00757126549631813,0.00338504250361287
27-Oct-2017,0.00249688019858715,-0.00591747376403762,-0.000800320170769155,0.0233107824410231
03-Nov-2017,0.00189819728308027,-0.0124775215111126,-0.00340579313483282,0.0109246759656789
10-Nov-2017,-0.00410842804454319,-0.0106565801885289,-0.00954541284353139,-0.0171551489083033
17-Nov-2017,0.00209779808214612,0.0110388471152164,0.000299955008997942,0.0058350932459134
24-Nov-2017,0.0103462920541443,0.0109399400383343,-0.00853633102228634,0.0100887574848569
01-Dec-2017,0.0160701801774945,-0.00914165791728339,0.0218593343528935,-0.0262038692443044
08-Dec-2017,0.00299550897979837,-0.0144032303107437,0.00169855663558151,0.000398778297157756
15-Dec-2017,0.00806737107775879,-0.00270365157431482,-0.0069239150728242,0.00494207415188559
22-Dec-2017,0.00538547227633789,0.0078689583786952,0.00468898948613147,-0.0119369233006446
29-Dec-2017,-0.00370686193132651,0.000199980002666245,-0.00180162194662821,-0.00112952275199317
05-Jan-2018,0.0250827803674632,-0.00642056780292269,-0.00461061255768329,-0.00204900838246031
12-Jan-2018,0.017938145131013,0.00399202126953746,0.0110388471152164,0.000979712642878551
19-Jan-2018,0.00836491633162767,-0.00631992874481935,-0.00501254182354429,0.0184202455033685
26-Jan-2018,0.0202927032677624,-0.0146061523893621,-0.010959840236342,0.00635509272287784
02-Feb-2018,-0.0388447838235672,-0.00501254182354429,-0.0014009809156281,0.00518443276424367
09-Feb-2018,-0.0522411118456905,0.00995033085316809,0.000599820071967549,0.00258410867604065
16-Feb-2018,0.0441125746183209,0.00109939544330106,-0.00611868100817718,0.015355649040339
23-Feb-2018,0.00478851673179709,0.00109939544330106,-0.00591747376403762,0.0135622426751599
02-Mar-2018,-0.0175531592475892,0.0104452578615386,-0.00904074465214907,-0.000353652408036562
09-Mar-2018,0.0353671438372913,0.00339423306801562,-0.00160128136697388,0.0118329007824497
16-Mar-2018,-0.0121738009317088,0.0081665626663934,-0.00100050033358353,-0.00453579438109026
23-Mar-2018,-0.0599623411726829,0.016463726030665,-0.00190180728959633,0.00163579533220089
29-Mar-2018,0.017839918128331,-0.0112631922787107,0.00866237307865259,-0.0104295011827323
06-Apr-2018,-0.0138961051921114,0.00558437829390066,0.00677698427902367,-0.0104250359462993
13-Apr-2018,0.0202927032677624,0.0098513160503742,-0.0102523764643514,0.00835182747998605
20-Apr-2018,0.00727348396649847,0.000799680170564244,0.00508703904855721,0.017920049395166
27-Apr-2018,-0.00290421314738983,-0.00551518068811011,0.00419120461846805,-0.00772608800331945
04-May-2018,-0.00160128136697388,0.0103462920541443,-0.0128826258310137,0.0145359568981839
11-May-2018,0.0240094524603519,0.00389241471534385,-0.00280392733273426,0.0100782509006367
18-May-2018,-0.00220242355520004,0.0248877155077789,-0.000500125041682243,0.00357109186238779
25-May-2018,0.0021975835434872,-0.00360649559411174,-0.00400802139753882,0.000568183002672953
01-Jun-2018,0.00608147031586795,0.0126200313561022,-0.0123762710680554,0.0114725330266941
08-Jun-2018,0.0166604408931072,0.00439034830129285,-0.00190180728959633,-0.00594814890305782
15-Jun-2018,0.00209779808214612,0.00886062843219647,-0.0225524044705115,-0.0139666653599927
22-Jun-2018,-0.00853633102228634,0.0139029051689914,0.00149887612373595,-0.00607818953323616
29-Jun-2018,-0.0161293819298836,-0.0131865618041756,9.99950003332973e-05,-0.0051903386496754
06-Jul-2018,0.0163653540862642,0.0172503534065277,-0.0105555139395166,-0.00344214852558621
13-Jul-2018,0.0138042809763971,-0.0164343064634248,-0.0121738009317088,0.010371006639273
20-Jul-2018,0.00139902091370741,0.000499875041650993,0.00468898948613147,0.0133734647501333
27-Jul-2018,0.00169855663558151,-0.0279880365401687,0.0143958802837323,-0.012609789789393
03-Aug-2018,0.00647896609770907,-0.00100050033358353,0.00259662584726591,-0.00302125119307581
10-Aug-2018,0.000499875041650993,0.0089597413714718,-0.00803217169726427,0.0193530135730729
17-Aug-2018,0.00458945233380722,-0.0043092715880984,0.00109939544330106,-0.0132773140276093
24-Aug-2018,0.0105442138756711,0.0131136391453832,-0.00974735145488007,0.0217272013214808
31-Aug-2018,0.00955421280481171,-0.000500125041682243,-0.0188770557696892,0.0124798126851949
07-Sep-2018,-0.0114654781092781,-0.00823380492710354,0.00289580311202547,-0.00903428169158087
14-Sep-2018,0.0119285708652738,-0.00481155699722208,-0.00712532494258863,-0.000474616637306635
21-Sep-2018,0.00538547227633789,-0.0118701725704874,0.0177416814761571,-0.0266604309294927
28-Sep-2018,-0.00521356705288743,0.000699755114273265,-0.0268574541698826,0.0317274168112289
05-Oct-2018,-0.0143017847108596,-0.0321100539182336,0.0330478540462004,-0.0179925245574837
12-Oct-2018,-0.0435340020237284,-0.00762902716449116,-0.000300045009001992,-0.00226714904557036
19-Oct-2018,-0.00150112612626709,-0.00984833605481441,0.00568381646829771,-0.00841085422826252
26-Oct-2018,-0.0414471899141735,0.00359353551013022,-0.0115666363714654,0.014147561401084
02-Nov-2018,0.0282958691548473,0.0153811020383024,0.0061808590750811,-0.0125398499339862
09-Nov-2018,0.0173486383346131,-0.0262413112052271,0.0120273802127185,0.0182563860372669
16-Nov-2018,-0.0166376411530232,0.00209779808214612,0.00309520490730252,-0.0110727868996451
23-Nov-2018,-0.038117322113128,0.0116320842297077,0.00846407841212936,-0.0190787600833776
30-Nov-2018,0.0466927279919824,-0.0184695162836613,-0.0178585183013132,0.017026095502299
07-Dec-2018,-0.0495054199038393,-0.00742751582879658,-0.00461061255768329,0.00884693859886233
14-Dec-2018,-0.0146061523893621,-0.013591953519467,-0.0158245503469715,0.014117393184306
21-Dec-2018,-0.076017486423916,-0.0164343064634248,0.0207825391825284,0.000204793476450064
28-Dec-2018,0.0309171026347216,0.0109399400383343,-0.0137947110221893,0.00179390375207502
04-Jan-2019,0.0211742352314066,0.0134096869099177,0.0124225199985571,-0.0350718057484422
11-Jan-2019,0.0290732474857072,0.0206845911928326,-0.0143017847108596,-0.0205786640692783
18-Jan-2019,0.0276151670329734,-0.00742751582879658,0.00776973726436069,-0.0126445159194165
25-Jan-2019,-0.00280392733273426,0.000999500333083423,-0.00280392733273426,-0.00305243893416646
01-Feb-2019,0.0155780299633185,-0.00270365157431482,-0.00944445882799969,-0.00532630706562733
08-Feb-2019,0.000899595242835994,0.00289580311202547,-0.0137947110221893,0.0103406471824542
15-Feb-2019,0.026934001240081,0.0155780299633185,-0.000400080021339691,-0.0150365377173806
22-Feb-2019,0.00637960696403899,0.0094551587707552,-0.00712532494258863,-0.00112993299752379
01-Mar-2019,0.00498754151103897,-0.00330545700872648,-0.0142003494011414,0.0048366226597442
08-Mar-2019,-0.0258307600345215,-0.0198966317144566,-0.00180162194662821,0.0144301348096411
15-Mar-2019,0.0279069532530079,-0.00914165791728339,-0.00571630699610919,-0.00591307303906443
22-Mar-2019,-0.0111620647061919,-0.0156213809029568,-0.0256255476389727,0.0137073709546313
29-Mar-2019,0.0126200313561022,0.0106431600984798,-0.00300450902029872,-0.0037405067495565
05-Apr-2019,0.0211742352314066,0.00508703904855721,0.0112366319259878,-0.0281559840959903
12-Apr-2019,0.00548493023056975,-0.00833463679005763,0.0110388471152164,-0.00540870979110884
18-Apr-2019,-0.00180162194662821,-0.0100503358535015,0.00349388925425584,-0.00940480281246868
26-Apr-2019,0.0123237496888319,0.00309520490730252,-0.0160277610771973,0.0245892085875489
03-May-2019,0.00269636154774253,0.00757126549631813,0.000299955008997942,0.006256062307681
10-May-2019,-0.0224501288375919,-0.00100050033358353,-0.000200020002667045,0.0204487868386505
17-May-2019,-0.0102523764643514,-0.0153167041118933,-0.00471107973011922,0.0176025531227332
24-May-2019,-0.0130852395486555,-0.00511304938682301,-0.00120072057651888,0.0235103109120667
31-May-2019,-0.0274739770007551,-0.0043092715880984,-0.0112631922787107,0.0267141441183088
07-Jun-2019,0.0418135028134103,-0.0123762710680554,-0.00803217169726427,0.0103341205441684
14-Jun-2019,0.004489905272852,0,-0.000800320170769155,0.000426176152819664
21-Jun-2019,0.0218593343528935,0.00109939544330106,-0.0183676573581849,-0.0092810357771478
28-Jun-2019,-0.001100605444033,0.0139029051689914,0.0162669724638719,-0.0225449926686222
05-Jul-2019,0.0154795708483864,-0.0125787822068601,-0.00400802139753882,0.0216265855950961
12-Jul-2019,0.00717420374800045,-0.0137947110221893,-0.00410842804454319,0.00173119517945122
19-Jul-2019,-0.0122750308756126,-0.00370686193132651,-0.00652121699026546,0.00968255961094438
26-Jul-2019,0.0173486383346131,-0.00220242355520004,0.00727348396649847,0.00452332467870882
02-Aug-2019,-0.0351091771135679,0.00319489089651929,-0.00984833605481441,0.0187675475179917
09-Aug-2019,-0.00611868100817718,-0.00682322534812554,-0.0209172482553883,0.0347387897098856
16-Aug-2019,-0.0117689835999989,0.00249688019858715,-0.0128826258310137,0.0213502031031824
23-Aug-2019,-0.0158245503469715,-0.00772979806194127,-0.00240288461631031,0.000868519818073017
30-Aug-2019,0.0266419309464211,-0.00521356705288743,0.00319489089651929,-0.00744138353058576
06-Sep-2019,0.0159717695096987,-0.0116678048676821,0.0127187724077746,-0.0286757641324097
13-Sep-2019,0.0132123314721349,0.0283930745012178,0.048790164169432,-0.0733497133039323
20-Sep-2019,-0.00642056780292269,-0.00511304938682301,-0.0103534120794916,0.0210489441490666
27-Sep-2019,-0.0136933271320026,-0.0185713855854353,0.0196065296389183,0.00585523965925354
04-Oct-2019,-0.00400802139753882,-0.00440970848870007,-0.0253178079842899,0.0292521638467993
11-Oct-2019,0.00687630393943206,-0.00440970848870007,0.00229735904868346,-0.00620934734929584
18-Oct-2019,0.00468898948613147,0.00747201483870106,0.00538547227633789,0.00048022730937219
25-Oct-2019,0.013705647056112,0.00329456694943011,0.00697561373642514,-0.0303474392374333
01-Nov-2019,0.0145930023029001,0.00349388925425584,-0.00561573878563575,-0.00623593558849635
08-Nov-2019,0.0100493358530014,-0.00420884477405468,0.0227394869694893,-0.0363860342830455
15-Nov-2019,0.00776973726436069,-0.00672254576082681,-0.0180621428184085,0.0233717877548962
22-Nov-2019,-0.00190180728959633,-0.000500125041682243,-0.0159261505502593,-0.00545851969952005
29-Nov-2019,0.0112366319259878,0.015282623531157,-0.0161293819298836,0.00314763605192144
06-Dec-2019,0.000999500333083423,0.00478851673179709,0.00737275432941316,-0.00426992541783376
13-Dec-2019,0.00737275432941316,0.00169855663558151,0.00747201483870106,-0.000187204725628427
20-Dec-2019,0.0169554406494134,0.00349388925425584,0,-0.00781691791822326
27-Dec-2019,0.00488803407277587,-0.00481155699722208,-0.00420884477405468,0.00126353224753272
